Plant Name,Temperature (Â°C),Soil Type,Soil pH,Growth Stage,Available Waste Products
Peas,22.5,Chalk,6.8,Growth,"Compost, Coffee Grounds, Fish Emulsion"
Mango,34.0,Loamy,7.3,Growth,"Rice Husk, Grass Clippings, Pea Pods"
Potato,29.6,Silt,7.0,Final,"Coffee Grounds, Rice Husk, Pea Pods"
Tomato,27.0,Peat,8.3,Final,"Mulch (Wood Chips), Coconut Shells, Banana Peels"
Watermelon,18.1,Sand,7.0,Growth,"Worm Castings, Seaweed Extract, Coconut Shells"
Brinjal,18.1,Peat,8.5,Initial,"Fruit Scraps, Cow Manure, Fish Emulsion"
Brinjal,16.2,Loamy,8.1,Growth,"Compost, Coconut Shells, Rice Husk"
Brinjal,32.3,Loamy,6.1,Growth,"Fruit Scraps, Mulch (Wood Chips), Tree Leaves"
Spinach,27.0,Sand,8.3,Initial,"Corn Stalks, Vegetable Scraps, Compost"
Peas,29.2,Clay,5.8,Final,"Pea Pods, Tree Leaves, Chicken Manure"
Carrot,15.4,Sand,8.0,Growth,"Compost, Fruit Scraps, Coffee Grounds"
Beetroot,34.4,Chalk,6.6,Growth,"Grass Clippings, Sugarcane Bagasse, Fish Emulsion"
Watermelon,31.6,Silt,8.1,Final,"Tree Leaves, Sugarcane Bagasse, Rice Husk"
Radish,19.2,Clay,8.1,Final,"Coffee Grounds, Seaweed Extract, Alfalfa Hay"
Cabbage,18.6,Sand,7.9,Initial,"Eggshells, Banana Peels, Compost"
Mango,18.7,Peat,7.9,Final,"Sugarcane Bagasse, Compost, Banana Peels"
Cauliflower,21.1,Clay,6.4,Final,"Grass Clippings, Mulch (Wood Chips), Coconut Shells"
Cauliflower,25.5,Clay,5.7,Final,"Tree Leaves, Vegetable Scraps, Sugarcane Bagasse"
Carrot,23.6,Sand,6.7,Initial,"Eggshells, Seaweed Extract, Cow Manure"
Tomato,20.8,Clay,6.0,Final,"Chicken Manure, Cow Manure, Eggshells"
Watermelon,27.2,Peat,7.6,Final,"Banana Peels, Chicken Manure, Sugarcane Bagasse"
Potato,17.8,Loamy,6.5,Initial,"Alfalfa Hay, Tree Leaves, Pea Pods"
Cabbage,20.8,Clay,8.4,Final,"Pea Pods, Coffee Grounds, Mulch (Wood Chips)"
Brinjal,22.3,Loamy,7.4,Final,"Pea Pods, Sugarcane Bagasse, Worm Castings"
Pumpkin,24.1,Peat,8.0,Initial,"Vegetable Scraps, Tree Leaves, Worm Castings"
Lettuce,30.7,Sand,5.9,Growth,"Cow Manure, Banana Peels, Compost"
Cauliflower,19.0,Silt,8.1,Initial,"Worm Castings, Chicken Manure, Cow Manure"
Chili,25.3,Clay,8.3,Final,"Worm Castings, Sugarcane Bagasse, Alfalfa Hay"
Lettuce,26.8,Silt,7.0,Final,"Seaweed Extract, Pea Pods, Fish Emulsion"
Cucumber,15.9,Peat,7.3,Final,"Pea Pods, Worm Castings, Chicken Manure"
Brinjal,27.2,Clay,7.8,Initial,"Fish Emulsion, Cow Manure, Banana Peels"
Onion,18.4,Loamy,6.0,Final,"Alfalfa Hay, Sugarcane Bagasse, Banana Peels"
Mango,16.3,Chalk,7.0,Final,"Banana Peels, Sugarcane Bagasse, Coconut Shells"
Spinach,34.0,Silt,6.7,Initial,"Fish Emulsion, Fruit Scraps, Rice Husk"
Pumpkin,34.3,Clay,5.9,Growth,"Coffee Grounds, Chicken Manure, Seaweed Extract"
Watermelon,31.2,Silt,6.6,Growth,"Cow Manure, Alfalfa Hay, Banana Peels"
Cucumber,21.1,Clay,5.7,Final,"Rice Husk, Worm Castings, Grass Clippings"
Lettuce,17.0,Sand,5.6,Initial,"Compost, Pea Pods, Corn Stalks"
Cabbage,28.7,Loamy,5.9,Final,"Vegetable Scraps, Fish Emulsion, Coffee Grounds"
Cabbage,23.8,Silt,8.4,Initial,"Vegetable Scraps, Mulch (Wood Chips), Cow Manure"
Chili,17.4,Chalk,7.1,Initial,"Grass Clippings, Coconut Shells, Sugarcane Bagasse"
Mango,24.9,Chalk,8.4,Growth,"Chicken Manure, Compost, Seaweed Extract"
Pumpkin,15.7,Peat,6.8,Growth,"Seaweed Extract, Worm Castings, Banana Peels"
Cauliflower,33.2,Clay,6.4,Initial,"Chicken Manure, Coconut Shells, Coffee Grounds"
Zucchini,20.2,Silt,7.0,Final,"Coffee Grounds, Worm Castings, Fish Emulsion"
Potato,28.3,Peat,6.8,Growth,"Worm Castings, Pea Pods, Coconut Shells"
Watermelon,21.2,Silt,5.8,Final,"Cow Manure, Mulch (Wood Chips), Coconut Shells"
Mango,25.4,Clay,7.4,Growth,"Mulch (Wood Chips), Fish Emulsion, Coconut Shells"
Tomato,25.9,Chalk,6.1,Growth,"Eggshells, Vegetable Scraps, Compost"
Zucchini,18.7,Sand,7.4,Final,"Tree Leaves, Chicken Manure, Rice Husk"
Garlic,34.4,Chalk,7.5,Growth,"Tree Leaves, Vegetable Scraps, Coffee Grounds"
Chili,30.5,Peat,6.0,Growth,"Rice Husk, Tree Leaves, Compost"
Pumpkin,33.8,Loamy,5.7,Final,"Tree Leaves, Sugarcane Bagasse, Coconut Shells"
Carrot,32.9,Sand,7.8,Growth,"Corn Stalks, Pea Pods, Compost"
Cauliflower,27.0,Peat,6.9,Growth,"Chicken Manure, Mulch (Wood Chips), Seaweed Extract"
Lettuce,33.4,Clay,5.7,Growth,"Corn Stalks, Sugarcane Bagasse, Seaweed Extract"
Chili,16.8,Sand,8.5,Final,"Corn Stalks, Chicken Manure, Eggshells"
Peas,18.9,Peat,5.7,Initial,"Vegetable Scraps, Chicken Manure, Pea Pods"
Spinach,15.9,Clay,7.6,Final,"Seaweed Extract, Fish Emulsion, Vegetable Scraps"
Onion,21.5,Chalk,8.5,Initial,"Worm Castings, Pea Pods, Fish Emulsion"
Mango,22.8,Loamy,6.2,Growth,"Seaweed Extract, Tree Leaves, Corn Stalks"
Beetroot,20.4,Clay,5.9,Initial,"Coffee Grounds, Corn Stalks, Coconut Shells"
Tomato,31.6,Silt,5.9,Final,"Coconut Shells, Chicken Manure, Banana Peels"
Beetroot,22.1,Clay,6.4,Final,"Grass Clippings, Rice Husk, Banana Peels"
Zucchini,20.6,Clay,5.8,Growth,"Compost, Sugarcane Bagasse, Chicken Manure"
Cauliflower,25.9,Loamy,7.6,Initial,"Sugarcane Bagasse, Worm Castings, Mulch (Wood Chips)"
Garlic,17.8,Silt,5.7,Growth,"Compost, Mulch (Wood Chips), Coffee Grounds"
Garlic,31.0,Peat,7.0,Growth,"Cow Manure, Banana Peels, Alfalfa Hay"
Potato,16.5,Peat,8.5,Final,"Coffee Grounds, Banana Peels, Corn Stalks"
Watermelon,34.7,Clay,7.9,Initial,"Coconut Shells, Sugarcane Bagasse, Compost"
Brinjal,30.4,Silt,7.3,Initial,"Compost, Coconut Shells, Fish Emulsion"
Beetroot,19.0,Silt,6.4,Initial,"Worm Castings, Coffee Grounds, Vegetable Scraps"
Watermelon,15.1,Loamy,7.4,Initial,"Chicken Manure, Seaweed Extract, Coconut Shells"
Chili,31.3,Chalk,7.1,Growth,"Eggshells, Sugarcane Bagasse, Pea Pods"
Broccoli,29.1,Peat,6.8,Growth,"Coffee Grounds, Grass Clippings, Corn Stalks"
Peas,29.6,Loamy,5.9,Final,"Chicken Manure, Alfalfa Hay, Fruit Scraps"
Potato,30.4,Sand,8.2,Growth,"Rice Husk, Pea Pods, Fish Emulsion"
Carrot,16.5,Peat,6.8,Growth,"Alfalfa Hay, Compost, Cow Manure"
Tomato,22.2,Loamy,6.1,Final,"Tree Leaves, Rice Husk, Corn Stalks"
Carrot,17.3,Peat,6.6,Final,"Mulch (Wood Chips), Fish Emulsion, Compost"
Brinjal,32.3,Chalk,6.7,Final,"Mulch (Wood Chips), Compost, Banana Peels"
Watermelon,27.5,Sand,8.0,Growth,"Seaweed Extract, Coconut Shells, Fruit Scraps"
Carrot,21.6,Chalk,7.7,Growth,"Coconut Shells, Fruit Scraps, Coffee Grounds"
Cabbage,16.3,Sand,7.8,Final,"Coffee Grounds, Coconut Shells, Eggshells"
Peas,21.2,Clay,5.5,Final,"Grass Clippings, Chicken Manure, Eggshells"
Spinach,21.5,Loamy,6.7,Final,"Fish Emulsion, Tree Leaves, Banana Peels"
Spinach,29.6,Sand,6.9,Growth,"Pea Pods, Fruit Scraps, Alfalfa Hay"
Brinjal,27.8,Chalk,5.6,Growth,"Fish Emulsion, Seaweed Extract, Compost"
Chili,32.7,Peat,6.3,Initial,"Sugarcane Bagasse, Rice Husk, Tree Leaves"
Cauliflower,24.4,Sand,7.8,Growth,"Sugarcane Bagasse, Eggshells, Vegetable Scraps"
Watermelon,17.4,Loamy,5.9,Growth,"Compost, Seaweed Extract, Alfalfa Hay"
Carrot,29.3,Sand,7.1,Growth,"Grass Clippings, Vegetable Scraps, Banana Peels"
Peas,30.2,Silt,6.1,Final,"Rice Husk, Grass Clippings, Seaweed Extract"
Onion,26.2,Peat,5.5,Growth,"Compost, Worm Castings, Sugarcane Bagasse"
Zucchini,30.4,Loamy,6.2,Final,"Banana Peels, Eggshells, Fruit Scraps"
Radish,24.9,Loamy,8.4,Initial,"Corn Stalks, Coconut Shells, Fish Emulsion"
Potato,25.5,Clay,7.9,Initial,"Worm Castings, Compost, Coconut Shells"
Chili,23.6,Chalk,8.4,Final,"Coffee Grounds, Banana Peels, Sugarcane Bagasse"
Peas,15.5,Clay,7.0,Final,"Vegetable Scraps, Coffee Grounds, Worm Castings"
Pumpkin,17.2,Loamy,5.8,Final,"Cow Manure, Rice Husk, Grass Clippings"
Cauliflower,15.6,Peat,7.1,Growth,"Cow Manure, Eggshells, Fruit Scraps"
Beetroot,27.7,Sand,6.9,Initial,"Tree Leaves, Rice Husk, Eggshells"
Lettuce,21.3,Sand,8.0,Final,"Eggshells, Fruit Scraps, Alfalfa Hay"
Lettuce,25.2,Peat,5.8,Growth,"Compost, Alfalfa Hay, Grass Clippings"
Brinjal,33.2,Loamy,7.0,Initial,"Seaweed Extract, Cow Manure, Alfalfa Hay"
Broccoli,20.0,Sand,6.0,Growth,"Worm Castings, Mulch (Wood Chips), Fish Emulsion"
Potato,23.2,Sand,6.5,Initial,"Alfalfa Hay, Chicken Manure, Banana Peels"
Brinjal,30.1,Sand,7.7,Growth,"Compost, Fish Emulsion, Banana Peels"
Carrot,19.6,Chalk,6.9,Initial,"Tree Leaves, Fruit Scraps, Compost"
Carrot,16.5,Chalk,6.6,Initial,"Cow Manure, Mulch (Wood Chips), Eggshells"
Watermelon,20.8,Silt,6.7,Growth,"Rice Husk, Cow Manure, Coffee Grounds"
Chili,18.2,Clay,6.9,Final,"Sugarcane Bagasse, Pea Pods, Compost"
Potato,33.6,Peat,7.9,Initial,"Corn Stalks, Fruit Scraps, Banana Peels"
Potato,31.2,Peat,8.2,Final,"Worm Castings, Sugarcane Bagasse, Pea Pods"
Tomato,27.7,Peat,8.4,Growth,"Mulch (Wood Chips), Worm Castings, Fruit Scraps"
Pumpkin,32.4,Silt,7.9,Final,"Seaweed Extract, Eggshells, Coffee Grounds"
Chili,31.1,Chalk,6.4,Final,"Eggshells, Pea Pods, Coconut Shells"
Zucchini,18.7,Loamy,7.6,Final,"Cow Manure, Seaweed Extract, Fruit Scraps"
Mango,32.9,Loamy,6.8,Final,"Compost, Chicken Manure, Sugarcane Bagasse"
Chili,25.8,Silt,6.3,Final,"Vegetable Scraps, Grass Clippings, Alfalfa Hay"
Peas,31.1,Loamy,8.0,Initial,"Cow Manure, Banana Peels, Corn Stalks"
Cucumber,32.9,Peat,5.6,Initial,"Seaweed Extract, Grass Clippings, Chicken Manure"
Radish,21.4,Clay,8.2,Initial,"Chicken Manure, Grass Clippings, Tree Leaves"
Pumpkin,17.2,Sand,6.9,Growth,"Pea Pods, Corn Stalks, Cow Manure"
Radish,19.6,Chalk,7.4,Final,"Coconut Shells, Seaweed Extract, Banana Peels"
Onion,23.5,Chalk,7.5,Initial,"Corn Stalks, Tree Leaves, Coffee Grounds"
Zucchini,31.4,Silt,8.2,Growth,"Vegetable Scraps, Compost, Chicken Manure"
Zucchini,32.2,Chalk,7.4,Initial,"Pea Pods, Sugarcane Bagasse, Vegetable Scraps"
Peas,15.1,Peat,7.3,Initial,"Fruit Scraps, Vegetable Scraps, Tree Leaves"
Potato,25.2,Loamy,5.7,Final,"Coffee Grounds, Alfalfa Hay, Seaweed Extract"
Tomato,23.3,Peat,7.1,Growth,"Seaweed Extract, Chicken Manure, Fruit Scraps"
Radish,19.4,Silt,6.0,Final,"Sugarcane Bagasse, Pea Pods, Corn Stalks"
Mango,17.4,Peat,7.7,Final,"Worm Castings, Corn Stalks, Sugarcane Bagasse"
Spinach,21.8,Loamy,7.0,Initial,"Seaweed Extract, Coconut Shells, Alfalfa Hay"
Chili,33.9,Clay,7.5,Final,"Tree Leaves, Vegetable Scraps, Chicken Manure"
Cucumber,21.5,Silt,5.6,Growth,"Fruit Scraps, Worm Castings, Coconut Shells"
Onion,25.4,Clay,5.8,Final,"Tree Leaves, Grass Clippings, Compost"
Mango,29.1,Sand,7.6,Final,"Coconut Shells, Pea Pods, Chicken Manure"
Mango,22.3,Clay,5.7,Final,"Sugarcane Bagasse, Seaweed Extract, Fruit Scraps"
Radish,34.4,Sand,5.7,Initial,"Coffee Grounds, Eggshells, Tree Leaves"
Cucumber,34.2,Sand,5.5,Growth,"Sugarcane Bagasse, Grass Clippings, Fruit Scraps"
Lettuce,20.0,Clay,8.4,Initial,"Tree Leaves, Worm Castings, Fruit Scraps"
Cucumber,24.9,Silt,7.7,Initial,"Vegetable Scraps, Grass Clippings, Mulch (Wood Chips)"
Brinjal,21.0,Loamy,6.6,Initial,"Chicken Manure, Banana Peels, Alfalfa Hay"
Cabbage,20.7,Peat,6.4,Initial,"Fruit Scraps, Alfalfa Hay, Worm Castings"
Mango,15.7,Peat,6.5,Initial,"Grass Clippings, Fruit Scraps, Seaweed Extract"
Carrot,27.2,Loamy,7.8,Growth,"Pea Pods, Tree Leaves, Alfalfa Hay"
Cauliflower,25.1,Sand,7.5,Final,"Pea Pods, Seaweed Extract, Coffee Grounds"
Brinjal,16.0,Sand,6.1,Initial,"Mulch (Wood Chips), Alfalfa Hay, Grass Clippings"
Potato,20.6,Silt,6.0,Initial,"Corn Stalks, Seaweed Extract, Banana Peels"
Cauliflower,33.2,Chalk,5.8,Growth,"Rice Husk, Eggshells, Chicken Manure"
Tomato,19.8,Clay,7.5,Growth,"Coconut Shells, Banana Peels, Coffee Grounds"
Pumpkin,17.9,Sand,7.8,Final,"Rice Husk, Fish Emulsion, Banana Peels"
Garlic,24.8,Peat,6.3,Growth,"Eggshells, Fish Emulsion, Corn Stalks"
Potato,34.7,Silt,5.6,Final,"Coffee Grounds, Worm Castings, Grass Clippings"
Brinjal,19.8,Clay,5.7,Initial,"Eggshells, Alfalfa Hay, Fish Emulsion"
Radish,28.4,Silt,8.4,Initial,"Sugarcane Bagasse, Alfalfa Hay, Eggshells"
Potato,30.2,Clay,6.4,Final,"Corn Stalks, Coffee Grounds, Mulch (Wood Chips)"
Cauliflower,19.8,Clay,7.8,Growth,"Seaweed Extract, Coffee Grounds, Corn Stalks"
Mango,29.6,Loamy,7.4,Final,"Chicken Manure, Coconut Shells, Sugarcane Bagasse"
Peas,22.4,Sand,6.6,Growth,"Seaweed Extract, Banana Peels, Rice Husk"
Garlic,27.6,Silt,6.1,Initial,"Fish Emulsion, Cow Manure, Eggshells"
Watermelon,27.7,Silt,5.9,Growth,"Sugarcane Bagasse, Pea Pods, Coffee Grounds"
Cabbage,25.7,Loamy,7.3,Final,"Chicken Manure, Alfalfa Hay, Banana Peels"
Garlic,16.8,Peat,7.8,Final,"Seaweed Extract, Coffee Grounds, Eggshells"
Cauliflower,31.7,Peat,7.4,Initial,"Mulch (Wood Chips), Grass Clippings, Corn Stalks"
Potato,21.4,Sand,7.1,Growth,"Chicken Manure, Coconut Shells, Sugarcane Bagasse"
Onion,18.7,Sand,5.6,Growth,"Mulch (Wood Chips), Rice Husk, Vegetable Scraps"
Radish,15.8,Chalk,8.4,Growth,"Alfalfa Hay, Seaweed Extract, Sugarcane Bagasse"
Broccoli,26.8,Loamy,7.9,Initial,"Chicken Manure, Cow Manure, Corn Stalks"
Mango,28.6,Peat,6.4,Growth,"Sugarcane Bagasse, Tree Leaves, Banana Peels"
Radish,15.3,Clay,8.4,Final,"Chicken Manure, Coffee Grounds, Corn Stalks"
Mango,25.2,Silt,7.3,Growth,"Cow Manure, Banana Peels, Fish Emulsion"
Watermelon,19.5,Sand,7.2,Initial,"Compost, Worm Castings, Coconut Shells"
Cauliflower,27.9,Silt,7.7,Growth,"Tree Leaves, Alfalfa Hay, Pea Pods"
Broccoli,18.5,Silt,7.9,Growth,"Seaweed Extract, Corn Stalks, Mulch (Wood Chips)"
Spinach,28.8,Chalk,7.5,Final,"Vegetable Scraps, Eggshells, Tree Leaves"
Pumpkin,22.7,Peat,5.9,Growth,"Fruit Scraps, Seaweed Extract, Corn Stalks"
Potato,33.7,Sand,6.5,Final,"Tree Leaves, Corn Stalks, Fish Emulsion"
Potato,17.8,Silt,8.3,Final,"Rice Husk, Fruit Scraps, Mulch (Wood Chips)"
Garlic,21.8,Sand,6.2,Initial,"Pea Pods, Mulch (Wood Chips), Sugarcane Bagasse"
Spinach,17.3,Clay,6.6,Final,"Vegetable Scraps, Sugarcane Bagasse, Coffee Grounds"
Spinach,33.5,Chalk,6.8,Final,"Worm Castings, Alfalfa Hay, Fruit Scraps"
Carrot,32.5,Clay,6.8,Initial,"Tree Leaves, Cow Manure, Alfalfa Hay"
Brinjal,20.2,Sand,7.3,Final,"Corn Stalks, Vegetable Scraps, Compost"
Lettuce,28.2,Sand,8.3,Initial,"Seaweed Extract, Vegetable Scraps, Chicken Manure"
Carrot,31.3,Peat,6.2,Growth,"Alfalfa Hay, Sugarcane Bagasse, Chicken Manure"
Watermelon,26.1,Silt,5.9,Initial,"Alfalfa Hay, Grass Clippings, Seaweed Extract"
Chili,25.6,Silt,6.1,Final,"Grass Clippings, Alfalfa Hay, Fish Emulsion"
Tomato,19.8,Clay,8.2,Initial,"Coffee Grounds, Tree Leaves, Vegetable Scraps"
Potato,16.9,Chalk,7.4,Final,"Vegetable Scraps, Banana Peels, Coconut Shells"
Beetroot,32.9,Loamy,6.4,Growth,"Tree Leaves, Compost, Coconut Shells"
Pumpkin,33.0,Silt,7.9,Initial,"Seaweed Extract, Fish Emulsion, Tree Leaves"
Zucchini,27.7,Peat,8.1,Growth,"Coffee Grounds, Mulch (Wood Chips), Corn Stalks"
Radish,21.8,Clay,8.0,Final,"Banana Peels, Pea Pods, Alfalfa Hay"
Cauliflower,22.0,Clay,8.3,Final,"Corn Stalks, Vegetable Scraps, Tree Leaves"
Peas,29.5,Loamy,6.3,Growth,"Fruit Scraps, Vegetable Scraps, Banana Peels"
Onion,32.9,Peat,7.8,Initial,"Worm Castings, Seaweed Extract, Pea Pods"
Lettuce,32.7,Chalk,6.9,Initial,"Vegetable Scraps, Compost, Sugarcane Bagasse"
Watermelon,30.6,Peat,8.0,Final,"Tree Leaves, Eggshells, Worm Castings"
Onion,27.8,Chalk,7.7,Growth,"Pea Pods, Corn Stalks, Compost"
Lettuce,16.7,Peat,7.8,Growth,"Sugarcane Bagasse, Coffee Grounds, Tree Leaves"
Potato,18.2,Peat,7.5,Initial,"Tree Leaves, Vegetable Scraps, Corn Stalks"
Lettuce,33.0,Sand,6.0,Initial,"Sugarcane Bagasse, Chicken Manure, Worm Castings"
Carrot,27.1,Clay,7.1,Initial,"Seaweed Extract, Grass Clippings, Alfalfa Hay"
Spinach,15.2,Peat,8.5,Growth,"Coffee Grounds, Corn Stalks, Cow Manure"
Carrot,17.0,Loamy,8.3,Initial,"Corn Stalks, Compost, Seaweed Extract"
Garlic,28.3,Peat,5.6,Initial,"Alfalfa Hay, Fish Emulsion, Rice Husk"
Onion,15.1,Silt,6.0,Final,"Tree Leaves, Fish Emulsion, Chicken Manure"
Cabbage,18.2,Clay,5.9,Initial,"Vegetable Scraps, Seaweed Extract, Worm Castings"
Cauliflower,26.0,Silt,7.7,Initial,"Grass Clippings, Compost, Coconut Shells"
Brinjal,28.8,Clay,8.0,Growth,"Cow Manure, Coconut Shells, Coffee Grounds"
Brinjal,28.0,Silt,6.1,Growth,"Rice Husk, Banana Peels, Tree Leaves"
Lettuce,19.5,Peat,7.0,Final,"Mulch (Wood Chips), Coconut Shells, Compost"
Watermelon,29.2,Peat,8.0,Initial,"Chicken Manure, Coconut Shells, Tree Leaves"
Peas,19.7,Sand,7.7,Final,"Compost, Coconut Shells, Corn Stalks"
Spinach,21.5,Loamy,7.1,Growth,"Fruit Scraps, Corn Stalks, Chicken Manure"
Broccoli,29.9,Silt,7.3,Final,"Seaweed Extract, Coconut Shells, Mulch (Wood Chips)"
Tomato,28.0,Chalk,7.0,Growth,"Vegetable Scraps, Worm Castings, Seaweed Extract"
Beetroot,32.0,Sand,6.4,Final,"Fish Emulsion, Grass Clippings, Worm Castings"
Pumpkin,28.2,Silt,7.2,Final,"Tree Leaves, Corn Stalks, Seaweed Extract"
Cabbage,26.4,Silt,7.6,Initial,"Seaweed Extract, Chicken Manure, Sugarcane Bagasse"
Zucchini,16.9,Sand,8.1,Final,"Sugarcane Bagasse, Alfalfa Hay, Coconut Shells"
Zucchini,22.4,Peat,7.4,Initial,"Cow Manure, Corn Stalks, Eggshells"
Cabbage,20.3,Silt,7.8,Initial,"Corn Stalks, Compost, Fish Emulsion"
Cabbage,19.9,Peat,6.0,Initial,"Seaweed Extract, Corn Stalks, Fish Emulsion"
Pumpkin,34.5,Sand,6.9,Initial,"Chicken Manure, Pea Pods, Fruit Scraps"
Beetroot,22.9,Peat,5.5,Final,"Coconut Shells, Sugarcane Bagasse, Fish Emulsion"
Cucumber,32.8,Clay,6.2,Growth,"Compost, Mulch (Wood Chips), Vegetable Scraps"
Pumpkin,27.6,Chalk,7.7,Growth,"Cow Manure, Seaweed Extract, Pea Pods"
Radish,30.9,Silt,8.5,Growth,"Sugarcane Bagasse, Pea Pods, Fish Emulsion"
Brinjal,25.1,Loamy,5.8,Final,"Compost, Chicken Manure, Mulch (Wood Chips)"
Zucchini,26.5,Chalk,6.7,Initial,"Tree Leaves, Fish Emulsion, Grass Clippings"
Zucchini,24.9,Peat,7.9,Growth,"Alfalfa Hay, Pea Pods, Seaweed Extract"
Radish,18.9,Silt,6.1,Final,"Compost, Rice Husk, Fruit Scraps"
Watermelon,29.4,Peat,7.2,Initial,"Coconut Shells, Mulch (Wood Chips), Alfalfa Hay"
Tomato,20.6,Clay,7.7,Growth,"Fruit Scraps, Eggshells, Grass Clippings"
Radish,15.5,Sand,7.3,Initial,"Tree Leaves, Seaweed Extract, Cow Manure"
Tomato,27.9,Silt,6.1,Growth,"Corn Stalks, Mulch (Wood Chips), Banana Peels"
Brinjal,18.5,Clay,6.6,Growth,"Sugarcane Bagasse, Rice Husk, Fish Emulsion"
Zucchini,33.8,Clay,7.9,Growth,"Coffee Grounds, Vegetable Scraps, Fish Emulsion"
Zucchini,34.1,Silt,7.2,Initial,"Mulch (Wood Chips), Cow Manure, Fish Emulsion"
Lettuce,33.3,Peat,5.5,Final,"Grass Clippings, Sugarcane Bagasse, Fish Emulsion"
Potato,22.4,Loamy,7.8,Initial,"Fish Emulsion, Compost, Rice Husk"
Peas,15.3,Clay,5.6,Growth,"Compost, Cow Manure, Eggshells"
Peas,33.6,Chalk,7.7,Initial,"Tree Leaves, Eggshells, Cow Manure"
Onion,23.6,Clay,6.1,Final,"Sugarcane Bagasse, Vegetable Scraps, Banana Peels"
Tomato,34.3,Loamy,8.4,Initial,"Worm Castings, Tree Leaves, Sugarcane Bagasse"
Pumpkin,34.3,Peat,6.6,Final,"Pea Pods, Chicken Manure, Alfalfa Hay"
Spinach,32.1,Peat,6.5,Final,"Cow Manure, Worm Castings, Alfalfa Hay"
Brinjal,20.9,Chalk,5.9,Initial,"Chicken Manure, Pea Pods, Worm Castings"
Peas,22.7,Clay,6.4,Growth,"Alfalfa Hay, Fruit Scraps, Compost"
Watermelon,32.0,Peat,8.1,Final,"Fruit Scraps, Mulch (Wood Chips), Worm Castings"
Onion,21.3,Loamy,8.5,Initial,"Coffee Grounds, Sugarcane Bagasse, Vegetable Scraps"
Potato,18.4,Silt,6.6,Final,"Chicken Manure, Eggshells, Cow Manure"
Broccoli,26.1,Sand,6.8,Growth,"Vegetable Scraps, Fish Emulsion, Tree Leaves"
Cabbage,33.7,Sand,7.7,Initial,"Worm Castings, Grass Clippings, Corn Stalks"
Cauliflower,28.9,Sand,8.2,Initial,"Vegetable Scraps, Tree Leaves, Corn Stalks"
Broccoli,26.4,Clay,7.3,Initial,"Chicken Manure, Cow Manure, Sugarcane Bagasse"
Broccoli,16.9,Chalk,6.7,Growth,"Chicken Manure, Seaweed Extract, Pea Pods"
Brinjal,27.3,Peat,6.7,Final,"Seaweed Extract, Compost, Mulch (Wood Chips)"
Beetroot,34.8,Silt,7.6,Initial,"Alfalfa Hay, Rice Husk, Coffee Grounds"
Chili,17.8,Loamy,5.5,Final,"Fish Emulsion, Cow Manure, Mulch (Wood Chips)"
Beetroot,25.4,Silt,7.4,Final,"Grass Clippings, Sugarcane Bagasse, Fish Emulsion"
Carrot,32.5,Loamy,6.6,Growth,"Sugarcane Bagasse, Alfalfa Hay, Coffee Grounds"
Onion,29.8,Clay,7.9,Initial,"Tree Leaves, Rice Husk, Grass Clippings"
Cucumber,28.9,Sand,5.8,Final,"Eggshells, Grass Clippings, Worm Castings"
Watermelon,29.0,Clay,7.3,Initial,"Compost, Corn Stalks, Alfalfa Hay"
Lettuce,22.2,Chalk,6.9,Initial,"Corn Stalks, Fish Emulsion, Rice Husk"
Zucchini,20.9,Chalk,7.4,Growth,"Fish Emulsion, Corn Stalks, Coffee Grounds"
Chili,31.2,Loamy,5.7,Initial,"Seaweed Extract, Fruit Scraps, Vegetable Scraps"
Radish,31.2,Peat,7.2,Initial,"Fruit Scraps, Compost, Rice Husk"
Zucchini,32.3,Peat,7.2,Final,"Grass Clippings, Banana Peels, Fruit Scraps"
Brinjal,33.3,Loamy,7.2,Growth,"Coffee Grounds, Coconut Shells, Sugarcane Bagasse"
Carrot,25.2,Chalk,7.3,Initial,"Mulch (Wood Chips), Banana Peels, Worm Castings"
Peas,25.0,Chalk,7.5,Final,"Coconut Shells, Worm Castings, Corn Stalks"
Garlic,31.0,Chalk,7.9,Growth,"Vegetable Scraps, Fruit Scraps, Alfalfa Hay"
Broccoli,28.0,Clay,6.3,Growth,"Sugarcane Bagasse, Vegetable Scraps, Compost"
Garlic,29.0,Chalk,8.0,Final,"Tree Leaves, Vegetable Scraps, Worm Castings"
Beetroot,30.9,Silt,7.0,Final,"Coconut Shells, Rice Husk, Fruit Scraps"
Cucumber,32.8,Sand,5.7,Final,"Tree Leaves, Chicken Manure, Compost"
Cucumber,21.8,Chalk,5.7,Final,"Sugarcane Bagasse, Fruit Scraps, Coffee Grounds"
Watermelon,22.5,Loamy,6.5,Final,"Tree Leaves, Vegetable Scraps, Cow Manure"
Chili,16.9,Sand,7.9,Initial,"Worm Castings, Tree Leaves, Banana Peels"
Cabbage,26.6,Clay,7.6,Initial,"Banana Peels, Corn Stalks, Worm Castings"
Onion,15.7,Loamy,7.9,Growth,"Grass Clippings, Alfalfa Hay, Fruit Scraps"
Tomato,24.3,Sand,7.1,Initial,"Coffee Grounds, Sugarcane Bagasse, Mulch (Wood Chips)"
Cabbage,25.9,Loamy,6.8,Initial,"Rice Husk, Alfalfa Hay, Tree Leaves"
Chili,20.7,Clay,5.9,Initial,"Eggshells, Sugarcane Bagasse, Worm Castings"
Carrot,26.8,Silt,6.5,Final,"Coffee Grounds, Worm Castings, Coconut Shells"
Watermelon,15.6,Clay,6.8,Growth,"Vegetable Scraps, Pea Pods, Coffee Grounds"
Spinach,15.7,Clay,5.8,Growth,"Chicken Manure, Worm Castings, Vegetable Scraps"
Lettuce,31.5,Loamy,6.2,Growth,"Mulch (Wood Chips), Pea Pods, Banana Peels"
Watermelon,22.2,Peat,7.3,Growth,"Worm Castings, Rice Husk, Sugarcane Bagasse"
Cabbage,17.5,Chalk,7.7,Initial,"Cow Manure, Eggshells, Sugarcane Bagasse"
Spinach,25.4,Chalk,8.5,Initial,"Chicken Manure, Alfalfa Hay, Corn Stalks"
Pumpkin,30.4,Silt,8.3,Final,"Eggshells, Coconut Shells, Banana Peels"
Zucchini,19.3,Silt,7.4,Growth,"Pea Pods, Banana Peels, Fruit Scraps"
Brinjal,27.5,Chalk,6.8,Initial,"Mulch (Wood Chips), Coconut Shells, Compost"
Onion,16.7,Peat,7.4,Initial,"Cow Manure, Tree Leaves, Rice Husk"
Peas,16.0,Chalk,7.9,Final,"Chicken Manure, Grass Clippings, Worm Castings"
Mango,25.6,Peat,5.9,Final,"Compost, Mulch (Wood Chips), Coconut Shells"
Onion,25.8,Silt,6.7,Final,"Cow Manure, Vegetable Scraps, Coffee Grounds"
Lettuce,27.7,Sand,8.0,Initial,"Mulch (Wood Chips), Chicken Manure, Alfalfa Hay"
Carrot,29.5,Loamy,6.7,Initial,"Tree Leaves, Coconut Shells, Pea Pods"
Beetroot,34.5,Silt,7.2,Final,"Compost, Chicken Manure, Coconut Shells"
Beetroot,25.3,Silt,7.3,Growth,"Pea Pods, Cow Manure, Worm Castings"
Mango,21.5,Clay,6.1,Final,"Worm Castings, Coffee Grounds, Coconut Shells"
Zucchini,30.9,Clay,6.6,Final,"Grass Clippings, Mulch (Wood Chips), Compost"
Cabbage,20.4,Clay,6.5,Final,"Fish Emulsion, Alfalfa Hay, Grass Clippings"
Broccoli,23.8,Loamy,5.6,Final,"Sugarcane Bagasse, Mulch (Wood Chips), Seaweed Extract"
Chili,16.6,Clay,5.6,Initial,"Corn Stalks, Vegetable Scraps, Eggshells"
Watermelon,15.5,Peat,8.0,Growth,"Eggshells, Sugarcane Bagasse, Tree Leaves"
Cauliflower,34.3,Chalk,6.3,Final,"Tree Leaves, Mulch (Wood Chips), Grass Clippings"
Mango,31.7,Sand,7.1,Growth,"Chicken Manure, Fish Emulsion, Seaweed Extract"
Broccoli,28.9,Silt,6.4,Growth,"Fish Emulsion, Banana Peels, Pea Pods"
Watermelon,23.2,Peat,8.3,Growth,"Coconut Shells, Fruit Scraps, Pea Pods"
Chili,18.5,Sand,6.3,Final,"Cow Manure, Banana Peels, Corn Stalks"
Peas,18.1,Peat,6.8,Initial,"Worm Castings, Eggshells, Sugarcane Bagasse"
Onion,20.0,Peat,8.1,Final,"Eggshells, Vegetable Scraps, Coconut Shells"
Brinjal,26.0,Silt,8.0,Growth,"Fish Emulsion, Seaweed Extract, Coffee Grounds"
Radish,29.3,Chalk,6.1,Growth,"Eggshells, Worm Castings, Pea Pods"
Onion,28.2,Clay,7.9,Initial,"Cow Manure, Corn Stalks, Rice Husk"
Garlic,20.6,Loamy,6.9,Final,"Seaweed Extract, Coconut Shells, Fruit Scraps"
Broccoli,34.1,Chalk,6.9,Growth,"Alfalfa Hay, Vegetable Scraps, Mulch (Wood Chips)"
Cucumber,29.8,Loamy,5.9,Initial,"Corn Stalks, Banana Peels, Alfalfa Hay"
Garlic,26.1,Silt,5.7,Growth,"Grass Clippings, Mulch (Wood Chips), Alfalfa Hay"
Chili,27.2,Silt,7.7,Initial,"Rice Husk, Eggshells, Tree Leaves"
Watermelon,23.4,Silt,7.0,Initial,"Alfalfa Hay, Cow Manure, Chicken Manure"
Beetroot,20.0,Sand,6.8,Final,"Sugarcane Bagasse, Fruit Scraps, Chicken Manure"
Garlic,22.1,Loamy,7.7,Growth,"Coffee Grounds, Eggshells, Pea Pods"
Carrot,30.2,Chalk,7.8,Final,"Rice Husk, Tree Leaves, Eggshells"
Pumpkin,15.3,Chalk,6.0,Growth,"Alfalfa Hay, Coffee Grounds, Corn Stalks"
Garlic,17.3,Peat,7.3,Final,"Sugarcane Bagasse, Coffee Grounds, Rice Husk"
Lettuce,15.9,Peat,5.9,Growth,"Pea Pods, Chicken Manure, Mulch (Wood Chips)"
Lettuce,15.8,Peat,7.8,Final,"Chicken Manure, Rice Husk, Alfalfa Hay"
Spinach,32.1,Silt,7.5,Initial,"Mulch (Wood Chips), Fish Emulsion, Tree Leaves"
Peas,29.1,Chalk,8.4,Growth,"Rice Husk, Coffee Grounds, Compost"
Pumpkin,24.5,Loamy,5.7,Growth,"Banana Peels, Tree Leaves, Corn Stalks"
Potato,17.0,Silt,5.7,Initial,"Eggshells, Mulch (Wood Chips), Cow Manure"
Lettuce,24.8,Sand,6.3,Final,"Fish Emulsion, Pea Pods, Grass Clippings"
Pumpkin,24.5,Peat,6.3,Growth,"Fruit Scraps, Rice Husk, Pea Pods"
Watermelon,18.5,Silt,6.2,Growth,"Vegetable Scraps, Mulch (Wood Chips), Fruit Scraps"
Garlic,23.7,Silt,8.2,Final,"Sugarcane Bagasse, Fruit Scraps, Pea Pods"
Zucchini,23.0,Sand,6.2,Initial,"Alfalfa Hay, Grass Clippings, Chicken Manure"
Chili,27.3,Clay,6.3,Final,"Eggshells, Alfalfa Hay, Banana Peels"
Onion,27.7,Chalk,7.8,Final,"Coffee Grounds, Coconut Shells, Banana Peels"
Mango,15.9,Loamy,6.8,Final,"Grass Clippings, Alfalfa Hay, Compost"
Pumpkin,22.5,Clay,7.8,Growth,"Coffee Grounds, Mulch (Wood Chips), Eggshells"
Tomato,27.5,Peat,5.7,Initial,"Cow Manure, Fish Emulsion, Sugarcane Bagasse"
Broccoli,25.1,Silt,7.0,Initial,"Chicken Manure, Worm Castings, Alfalfa Hay"
Watermelon,32.1,Sand,5.6,Final,"Eggshells, Vegetable Scraps, Chicken Manure"
Pumpkin,28.2,Sand,5.7,Growth,"Alfalfa Hay, Cow Manure, Vegetable Scraps"
Peas,18.3,Chalk,8.2,Final,"Grass Clippings, Rice Husk, Fish Emulsion"
Spinach,16.4,Clay,5.9,Growth,"Vegetable Scraps, Banana Peels, Chicken Manure"
Carrot,27.8,Chalk,7.1,Growth,"Eggshells, Fish Emulsion, Coffee Grounds"
Chili,15.5,Silt,6.7,Growth,"Mulch (Wood Chips), Tree Leaves, Grass Clippings"
Beetroot,26.7,Chalk,6.5,Growth,"Mulch (Wood Chips), Compost, Grass Clippings"
Mango,33.8,Loamy,8.2,Initial,"Corn Stalks, Fish Emulsion, Alfalfa Hay"
Tomato,26.5,Sand,5.6,Growth,"Cow Manure, Mulch (Wood Chips), Worm Castings"
Chili,22.8,Sand,7.5,Growth,"Fruit Scraps, Rice Husk, Mulch (Wood Chips)"
Beetroot,27.9,Peat,8.4,Final,"Fish Emulsion, Sugarcane Bagasse, Worm Castings"
Pumpkin,24.2,Peat,7.2,Final,"Vegetable Scraps, Grass Clippings, Coconut Shells"
Spinach,25.9,Silt,8.3,Initial,"Worm Castings, Banana Peels, Coconut Shells"
Peas,33.8,Loamy,5.7,Final,"Alfalfa Hay, Sugarcane Bagasse, Grass Clippings"
Peas,22.7,Clay,6.8,Growth,"Pea Pods, Coffee Grounds, Mulch (Wood Chips)"
Brinjal,34.2,Chalk,6.3,Final,"Fish Emulsion, Corn Stalks, Coffee Grounds"
Mango,33.1,Silt,7.7,Initial,"Chicken Manure, Sugarcane Bagasse, Rice Husk"
Mango,18.9,Peat,8.4,Final,"Rice Husk, Cow Manure, Corn Stalks"
Zucchini,16.4,Chalk,6.3,Final,"Chicken Manure, Pea Pods, Cow Manure"
Zucchini,17.0,Peat,7.5,Initial,"Fish Emulsion, Corn Stalks, Eggshells"
Cabbage,15.4,Chalk,6.1,Initial,"Alfalfa Hay, Sugarcane Bagasse, Fruit Scraps"
Pumpkin,16.9,Clay,7.2,Growth,"Banana Peels, Alfalfa Hay, Cow Manure"
Pumpkin,28.7,Silt,6.9,Final,"Fish Emulsion, Corn Stalks, Vegetable Scraps"
Cauliflower,16.4,Chalk,8.4,Growth,"Tree Leaves, Coffee Grounds, Fish Emulsion"
Garlic,21.4,Loamy,7.3,Final,"Sugarcane Bagasse, Pea Pods, Grass Clippings"
Chili,31.9,Sand,6.5,Final,"Vegetable Scraps, Seaweed Extract, Sugarcane Bagasse"
Brinjal,15.5,Loamy,5.8,Growth,"Tree Leaves, Banana Peels, Worm Castings"
Tomato,31.3,Loamy,6.0,Final,"Pea Pods, Fish Emulsion, Worm Castings"
Pumpkin,20.6,Sand,6.2,Final,"Corn Stalks, Fish Emulsion, Coconut Shells"
Cabbage,17.4,Loamy,6.3,Final,"Tree Leaves, Pea Pods, Chicken Manure"
Chili,28.9,Chalk,8.1,Initial,"Mulch (Wood Chips), Chicken Manure, Seaweed Extract"
Watermelon,27.6,Chalk,7.2,Growth,"Sugarcane Bagasse, Worm Castings, Cow Manure"
Watermelon,32.5,Chalk,7.1,Initial,"Seaweed Extract, Mulch (Wood Chips), Worm Castings"
Radish,29.7,Sand,5.8,Growth,"Alfalfa Hay, Pea Pods, Cow Manure"
Pumpkin,31.1,Loamy,8.1,Growth,"Vegetable Scraps, Fruit Scraps, Eggshells"
Broccoli,20.6,Sand,7.7,Final,"Eggshells, Pea Pods, Cow Manure"
Potato,18.5,Chalk,5.7,Growth,"Compost, Cow Manure, Coconut Shells"
Zucchini,30.0,Loamy,7.6,Initial,"Seaweed Extract, Tree Leaves, Eggshells"
Cabbage,31.1,Loamy,7.1,Initial,"Rice Husk, Eggshells, Coffee Grounds"
Carrot,34.8,Peat,5.7,Initial,"Pea Pods, Worm Castings, Tree Leaves"
Cucumber,23.3,Peat,6.9,Growth,"Corn Stalks, Banana Peels, Rice Husk"
Tomato,22.4,Clay,7.0,Initial,"Compost, Mulch (Wood Chips), Tree Leaves"
Cucumber,30.5,Silt,6.0,Growth,"Mulch (Wood Chips), Seaweed Extract, Grass Clippings"
Spinach,21.8,Peat,8.3,Initial,"Coffee Grounds, Alfalfa Hay, Sugarcane Bagasse"
Watermelon,33.6,Sand,8.0,Initial,"Mulch (Wood Chips), Seaweed Extract, Banana Peels"
Broccoli,32.2,Peat,7.5,Growth,"Worm Castings, Chicken Manure, Tree Leaves"
Mango,23.6,Clay,6.9,Initial,"Banana Peels, Pea Pods, Coffee Grounds"
Tomato,30.0,Loamy,6.7,Final,"Chicken Manure, Alfalfa Hay, Compost"
Pumpkin,30.1,Clay,7.5,Growth,"Mulch (Wood Chips), Seaweed Extract, Pea Pods"
Carrot,17.1,Loamy,7.1,Growth,"Coffee Grounds, Sugarcane Bagasse, Banana Peels"
Broccoli,33.1,Loamy,5.7,Growth,"Seaweed Extract, Tree Leaves, Worm Castings"
Tomato,25.1,Silt,7.0,Final,"Eggshells, Worm Castings, Banana Peels"
Onion,31.5,Peat,7.9,Growth,"Rice Husk, Alfalfa Hay, Coffee Grounds"
Garlic,21.4,Sand,6.9,Initial,"Tree Leaves, Sugarcane Bagasse, Grass Clippings"
Mango,32.9,Sand,5.7,Initial,"Worm Castings, Alfalfa Hay, Rice Husk"
Carrot,22.8,Chalk,7.9,Initial,"Worm Castings, Corn Stalks, Coffee Grounds"
Brinjal,15.2,Loamy,6.1,Growth,"Eggshells, Mulch (Wood Chips), Compost"
Garlic,33.1,Sand,6.3,Initial,"Sugarcane Bagasse, Corn Stalks, Mulch (Wood Chips)"
Cabbage,16.8,Silt,6.0,Growth,"Tree Leaves, Grass Clippings, Coconut Shells"
Broccoli,21.4,Loamy,6.5,Initial,"Chicken Manure, Seaweed Extract, Cow Manure"
Cauliflower,34.0,Silt,7.8,Final,"Seaweed Extract, Coffee Grounds, Chicken Manure"
Garlic,34.0,Sand,7.1,Final,"Seaweed Extract, Sugarcane Bagasse, Coffee Grounds"
Potato,26.5,Sand,6.1,Final,"Vegetable Scraps, Corn Stalks, Eggshells"
Lettuce,27.6,Chalk,8.1,Final,"Worm Castings, Banana Peels, Pea Pods"
Zucchini,24.0,Sand,8.1,Growth,"Mulch (Wood Chips), Pea Pods, Corn Stalks"
Watermelon,20.9,Loamy,8.1,Initial,"Cow Manure, Grass Clippings, Fruit Scraps"
Cauliflower,21.6,Loamy,6.2,Final,"Cow Manure, Pea Pods, Worm Castings"
Spinach,28.5,Loamy,6.9,Growth,"Fruit Scraps, Chicken Manure, Eggshells"
Broccoli,30.0,Chalk,8.5,Final,"Worm Castings, Cow Manure, Fruit Scraps"
Onion,30.8,Chalk,7.8,Final,"Fruit Scraps, Banana Peels, Coffee Grounds"
Carrot,30.8,Sand,5.6,Growth,"Mulch (Wood Chips), Chicken Manure, Coconut Shells"
Beetroot,16.8,Clay,5.7,Growth,"Rice Husk, Coffee Grounds, Fruit Scraps"
Cucumber,24.9,Clay,6.9,Initial,"Corn Stalks, Sugarcane Bagasse, Seaweed Extract"
Cabbage,16.2,Chalk,8.2,Initial,"Corn Stalks, Mulch (Wood Chips), Banana Peels"
Radish,26.0,Sand,7.1,Final,"Worm Castings, Pea Pods, Coffee Grounds"
Garlic,23.8,Clay,7.0,Final,"Banana Peels, Seaweed Extract, Vegetable Scraps"
Broccoli,32.8,Sand,5.8,Initial,"Fish Emulsion, Seaweed Extract, Compost"
Broccoli,22.0,Sand,7.5,Initial,"Worm Castings, Fish Emulsion, Fruit Scraps"
Radish,17.3,Sand,8.0,Growth,"Vegetable Scraps, Chicken Manure, Compost"
Zucchini,17.9,Peat,6.6,Initial,"Compost, Tree Leaves, Grass Clippings"
Garlic,30.2,Loamy,7.8,Initial,"Fruit Scraps, Coconut Shells, Compost"
Carrot,27.4,Sand,8.4,Final,"Banana Peels, Rice Husk, Pea Pods"
Tomato,17.0,Peat,6.1,Initial,"Tree Leaves, Worm Castings, Corn Stalks"
Pumpkin,16.7,Chalk,7.1,Final,"Fish Emulsion, Pea Pods, Chicken Manure"
Cauliflower,29.0,Clay,6.4,Initial,"Fish Emulsion, Corn Stalks, Sugarcane Bagasse"
Potato,16.5,Loamy,7.9,Growth,"Mulch (Wood Chips), Tree Leaves, Fruit Scraps"
Onion,31.4,Clay,7.2,Initial,"Grass Clippings, Eggshells, Seaweed Extract"
Cauliflower,29.1,Loamy,7.4,Initial,"Compost, Coconut Shells, Rice Husk"
Pumpkin,16.6,Clay,7.9,Initial,"Cow Manure, Fruit Scraps, Vegetable Scraps"
Mango,16.7,Loamy,6.7,Final,"Mulch (Wood Chips), Fruit Scraps, Coconut Shells"
Tomato,34.7,Clay,8.2,Growth,"Eggshells, Corn Stalks, Chicken Manure"
Onion,22.5,Clay,7.1,Initial,"Seaweed Extract, Chicken Manure, Eggshells"
Cucumber,22.4,Clay,6.0,Final,"Sugarcane Bagasse, Banana Peels, Tree Leaves"
Onion,31.3,Clay,7.6,Growth,"Fruit Scraps, Vegetable Scraps, Seaweed Extract"
Tomato,33.9,Chalk,7.9,Final,"Compost, Fruit Scraps, Coconut Shells"
Radish,34.7,Sand,6.5,Final,"Tree Leaves, Grass Clippings, Rice Husk"
Garlic,30.1,Silt,8.1,Growth,"Banana Peels, Sugarcane Bagasse, Corn Stalks"
Peas,22.5,Peat,8.2,Initial,"Grass Clippings, Pea Pods, Sugarcane Bagasse"
Broccoli,16.7,Silt,6.3,Final,"Mulch (Wood Chips), Pea Pods, Grass Clippings"
Onion,30.5,Silt,8.5,Final,"Banana Peels, Worm Castings, Coffee Grounds"
Spinach,26.2,Loamy,5.9,Initial,"Grass Clippings, Fruit Scraps, Coffee Grounds"
Chili,23.5,Sand,6.1,Initial,"Coconut Shells, Compost, Fruit Scraps"
Beetroot,33.1,Loamy,6.1,Growth,"Coconut Shells, Chicken Manure, Corn Stalks"
Watermelon,17.2,Sand,8.2,Growth,"Vegetable Scraps, Fish Emulsion, Coconut Shells"
Tomato,24.9,Sand,7.5,Growth,"Tree Leaves, Coffee Grounds, Coconut Shells"
Brinjal,15.2,Clay,6.0,Initial,"Alfalfa Hay, Vegetable Scraps, Coffee Grounds"
Zucchini,24.4,Chalk,6.8,Final,"Vegetable Scraps, Seaweed Extract, Tree Leaves"
Beetroot,16.1,Clay,7.3,Final,"Sugarcane Bagasse, Fruit Scraps, Eggshells"
Chili,17.4,Chalk,5.8,Growth,"Eggshells, Alfalfa Hay, Coffee Grounds"
Cucumber,17.4,Loamy,8.1,Initial,"Tree Leaves, Worm Castings, Grass Clippings"
Broccoli,28.0,Chalk,7.9,Final,"Chicken Manure, Rice Husk, Banana Peels"
Zucchini,29.9,Loamy,7.0,Growth,"Fruit Scraps, Eggshells, Grass Clippings"
Radish,26.7,Silt,8.4,Final,"Fish Emulsion, Grass Clippings, Worm Castings"
Lettuce,34.2,Silt,6.8,Final,"Coconut Shells, Alfalfa Hay, Coffee Grounds"
Peas,22.5,Chalk,8.5,Initial,"Fish Emulsion, Tree Leaves, Sugarcane Bagasse"
Carrot,20.7,Chalk,7.5,Initial,"Compost, Grass Clippings, Coffee Grounds"
Lettuce,32.4,Loamy,7.4,Final,"Cow Manure, Compost, Corn Stalks"
Pumpkin,19.5,Clay,6.0,Growth,"Vegetable Scraps, Coffee Grounds, Fish Emulsion"
Spinach,34.3,Loamy,8.1,Initial,"Sugarcane Bagasse, Fruit Scraps, Mulch (Wood Chips)"
Mango,15.2,Clay,6.8,Final,"Sugarcane Bagasse, Coffee Grounds, Alfalfa Hay"
Onion,34.4,Silt,6.0,Initial,"Corn Stalks, Vegetable Scraps, Coconut Shells"
Peas,15.9,Sand,5.5,Initial,"Fruit Scraps, Chicken Manure, Grass Clippings"
Onion,32.8,Chalk,7.2,Initial,"Tree Leaves, Grass Clippings, Coconut Shells"
Radish,25.6,Clay,7.1,Final,"Tree Leaves, Coconut Shells, Cow Manure"
Zucchini,34.9,Loamy,7.7,Growth,"Sugarcane Bagasse, Worm Castings, Chicken Manure"
Peas,16.5,Silt,8.2,Growth,"Grass Clippings, Coconut Shells, Seaweed Extract"
Pumpkin,26.1,Clay,5.7,Growth,"Corn Stalks, Fruit Scraps, Chicken Manure"
Pumpkin,34.4,Loamy,7.7,Initial,"Banana Peels, Mulch (Wood Chips), Rice Husk"
Cauliflower,25.5,Chalk,6.1,Final,"Tree Leaves, Banana Peels, Fish Emulsion"
Beetroot,27.6,Chalk,8.1,Initial,"Coconut Shells, Grass Clippings, Corn Stalks"
Cabbage,28.9,Peat,8.0,Growth,"Compost, Mulch (Wood Chips), Sugarcane Bagasse"
Lettuce,24.1,Sand,7.1,Growth,"Fruit Scraps, Eggshells, Coconut Shells"
Spinach,27.6,Peat,7.6,Final,"Fruit Scraps, Corn Stalks, Alfalfa Hay"
Cabbage,26.7,Silt,6.4,Initial,"Fish Emulsion, Coffee Grounds, Fruit Scraps"
Garlic,33.0,Clay,6.9,Growth,"Corn Stalks, Rice Husk, Sugarcane Bagasse"
Spinach,15.9,Silt,8.0,Final,"Banana Peels, Mulch (Wood Chips), Cow Manure"
Lettuce,20.6,Loamy,6.9,Initial,"Worm Castings, Pea Pods, Cow Manure"
Mango,34.0,Chalk,6.6,Initial,"Compost, Eggshells, Rice Husk"
Potato,32.8,Peat,7.0,Growth,"Seaweed Extract, Grass Clippings, Fish Emulsion"
Beetroot,24.1,Peat,8.0,Growth,"Banana Peels, Cow Manure, Coffee Grounds"
Chili,27.4,Peat,6.5,Initial,"Alfalfa Hay, Mulch (Wood Chips), Vegetable Scraps"
Mango,20.5,Silt,6.0,Initial,"Worm Castings, Eggshells, Pea Pods"
Zucchini,18.8,Chalk,7.6,Growth,"Pea Pods, Banana Peels, Rice Husk"
Peas,24.3,Clay,8.0,Initial,"Fish Emulsion, Vegetable Scraps, Coconut Shells"
Zucchini,22.1,Loamy,5.8,Growth,"Compost, Tree Leaves, Grass Clippings"
Cauliflower,26.7,Clay,6.2,Initial,"Tree Leaves, Alfalfa Hay, Compost"
Broccoli,16.6,Silt,5.9,Growth,"Sugarcane Bagasse, Fruit Scraps, Corn Stalks"
Zucchini,34.5,Loamy,6.5,Final,"Rice Husk, Fish Emulsion, Coconut Shells"
Cabbage,34.7,Peat,6.9,Growth,"Fruit Scraps, Grass Clippings, Coconut Shells"
Chili,29.0,Sand,7.7,Growth,"Alfalfa Hay, Coffee Grounds, Vegetable Scraps"
Spinach,25.7,Silt,7.5,Final,"Fruit Scraps, Coconut Shells, Corn Stalks"
Spinach,21.2,Silt,7.4,Initial,"Coconut Shells, Mulch (Wood Chips), Chicken Manure"
Cabbage,31.3,Chalk,6.6,Final,"Alfalfa Hay, Coffee Grounds, Chicken Manure"
Mango,28.7,Clay,8.0,Growth,"Fruit Scraps, Rice Husk, Mulch (Wood Chips)"
Chili,18.3,Silt,6.9,Initial,"Pea Pods, Mulch (Wood Chips), Fruit Scraps"
Lettuce,33.2,Silt,8.4,Final,"Cow Manure, Coconut Shells, Tree Leaves"
Peas,31.5,Peat,7.4,Initial,"Corn Stalks, Eggshells, Tree Leaves"
Tomato,34.0,Peat,5.9,Initial,"Worm Castings, Tree Leaves, Banana Peels"
Garlic,29.5,Loamy,7.5,Final,"Cow Manure, Worm Castings, Banana Peels"
Mango,27.3,Sand,6.5,Initial,"Mulch (Wood Chips), Compost, Eggshells"
Peas,23.4,Chalk,7.6,Final,"Seaweed Extract, Coffee Grounds, Fruit Scraps"
Watermelon,33.7,Sand,5.7,Growth,"Eggshells, Fruit Scraps, Grass Clippings"
Spinach,32.3,Loamy,6.0,Initial,"Chicken Manure, Alfalfa Hay, Corn Stalks"
Watermelon,15.9,Peat,8.1,Growth,"Banana Peels, Eggshells, Coconut Shells"
Tomato,15.5,Clay,6.2,Growth,"Cow Manure, Vegetable Scraps, Fruit Scraps"
Broccoli,22.5,Peat,8.0,Initial,"Rice Husk, Corn Stalks, Tree Leaves"
Lettuce,31.2,Chalk,6.3,Final,"Banana Peels, Fruit Scraps, Chicken Manure"
Chili,34.7,Peat,7.4,Initial,"Fish Emulsion, Eggshells, Worm Castings"
Broccoli,18.0,Chalk,7.6,Growth,"Alfalfa Hay, Worm Castings, Pea Pods"
Garlic,26.9,Chalk,7.0,Growth,"Cow Manure, Chicken Manure, Compost"
Watermelon,22.6,Chalk,6.4,Final,"Compost, Alfalfa Hay, Mulch (Wood Chips)"
Spinach,34.4,Loamy,6.1,Initial,"Alfalfa Hay, Mulch (Wood Chips), Cow Manure"
Brinjal,31.8,Chalk,5.6,Growth,"Mulch (Wood Chips), Rice Husk, Banana Peels"
Tomato,31.8,Chalk,6.4,Growth,"Worm Castings, Mulch (Wood Chips), Fruit Scraps"
Pumpkin,24.4,Clay,7.5,Growth,"Worm Castings, Chicken Manure, Compost"
Brinjal,23.3,Sand,8.3,Final,"Compost, Tree Leaves, Coconut Shells"
Watermelon,20.5,Silt,8.1,Growth,"Alfalfa Hay, Sugarcane Bagasse, Corn Stalks"
Beetroot,16.1,Sand,7.8,Growth,"Worm Castings, Corn Stalks, Eggshells"
Pumpkin,32.3,Chalk,7.9,Initial,"Cow Manure, Seaweed Extract, Coffee Grounds"
Peas,31.3,Clay,7.5,Initial,"Tree Leaves, Grass Clippings, Banana Peels"
Watermelon,35.0,Peat,6.3,Growth,"Fish Emulsion, Banana Peels, Rice Husk"
Broccoli,34.9,Clay,8.2,Growth,"Cow Manure, Worm Castings, Fish Emulsion"
Tomato,26.1,Chalk,7.5,Initial,"Alfalfa Hay, Eggshells, Rice Husk"
Lettuce,30.4,Clay,7.2,Final,"Eggshells, Tree Leaves, Alfalfa Hay"
Watermelon,33.9,Clay,5.8,Final,"Grass Clippings, Banana Peels, Mulch (Wood Chips)"
Peas,32.0,Chalk,6.8,Final,"Tree Leaves, Pea Pods, Worm Castings"
Brinjal,19.9,Loamy,6.9,Final,"Coffee Grounds, Rice Husk, Fish Emulsion"
Cucumber,24.0,Clay,8.1,Final,"Fruit Scraps, Pea Pods, Vegetable Scraps"
Lettuce,17.6,Silt,7.1,Final,"Corn Stalks, Coffee Grounds, Mulch (Wood Chips)"
Mango,34.1,Silt,6.6,Final,"Cow Manure, Fruit Scraps, Fish Emulsion"
Garlic,27.1,Clay,8.4,Final,"Fish Emulsion, Coffee Grounds, Tree Leaves"
Mango,19.6,Loamy,5.8,Initial,"Sugarcane Bagasse, Eggshells, Pea Pods"
Pumpkin,28.4,Peat,6.8,Final,"Corn Stalks, Rice Husk, Sugarcane Bagasse"
Lettuce,27.4,Chalk,5.6,Final,"Banana Peels, Worm Castings, Mulch (Wood Chips)"
Radish,22.2,Silt,7.7,Final,"Fruit Scraps, Banana Peels, Coconut Shells"
Radish,17.3,Peat,8.3,Growth,"Alfalfa Hay, Corn Stalks, Mulch (Wood Chips)"
Cabbage,28.4,Clay,6.3,Initial,"Alfalfa Hay, Chicken Manure, Seaweed Extract"
Zucchini,25.4,Peat,8.1,Initial,"Sugarcane Bagasse, Fruit Scraps, Mulch (Wood Chips)"
Chili,30.4,Sand,6.4,Initial,"Vegetable Scraps, Mulch (Wood Chips), Eggshells"
Chili,25.4,Silt,8.2,Final,"Tree Leaves, Alfalfa Hay, Cow Manure"
Watermelon,32.0,Clay,7.8,Final,"Coffee Grounds, Banana Peels, Seaweed Extract"
Peas,26.0,Chalk,7.9,Growth,"Coffee Grounds, Corn Stalks, Fruit Scraps"
Broccoli,26.2,Loamy,5.6,Initial,"Coffee Grounds, Compost, Tree Leaves"
Pumpkin,32.5,Clay,8.4,Final,"Fish Emulsion, Coffee Grounds, Banana Peels"
Potato,23.1,Chalk,7.7,Initial,"Fish Emulsion, Corn Stalks, Fruit Scraps"
Peas,17.7,Loamy,6.4,Growth,"Alfalfa Hay, Sugarcane Bagasse, Chicken Manure"
Lettuce,15.6,Loamy,8.0,Growth,"Corn Stalks, Eggshells, Grass Clippings"
Radish,30.1,Clay,6.3,Growth,"Sugarcane Bagasse, Fish Emulsion, Compost"
Zucchini,27.4,Peat,8.1,Initial,"Fruit Scraps, Fish Emulsion, Banana Peels"
Brinjal,29.1,Peat,5.8,Final,"Worm Castings, Rice Husk, Vegetable Scraps"
Carrot,19.3,Loamy,7.6,Final,"Worm Castings, Grass Clippings, Alfalfa Hay"
Beetroot,17.7,Peat,7.1,Growth,"Cow Manure, Eggshells, Sugarcane Bagasse"
Pumpkin,15.3,Sand,5.8,Final,"Tree Leaves, Pea Pods, Compost"
Chili,22.0,Loamy,6.2,Growth,"Alfalfa Hay, Worm Castings, Compost"
Zucchini,26.8,Loamy,5.5,Initial,"Coconut Shells, Worm Castings, Alfalfa Hay"
Chili,22.8,Chalk,6.9,Growth,"Seaweed Extract, Fish Emulsion, Rice Husk"
Tomato,23.7,Peat,6.4,Initial,"Cow Manure, Banana Peels, Tree Leaves"
Cucumber,33.1,Loamy,7.3,Growth,"Sugarcane Bagasse, Mulch (Wood Chips), Fish Emulsion"
Onion,22.0,Sand,6.4,Final,"Grass Clippings, Banana Peels, Seaweed Extract"
Potato,25.3,Chalk,6.4,Final,"Tree Leaves, Seaweed Extract, Alfalfa Hay"
Garlic,30.7,Clay,7.7,Growth,"Sugarcane Bagasse, Vegetable Scraps, Mulch (Wood Chips)"
Spinach,22.9,Loamy,5.6,Final,"Pea Pods, Coffee Grounds, Coconut Shells"
Carrot,27.4,Sand,8.2,Final,"Corn Stalks, Coconut Shells, Grass Clippings"
Potato,32.2,Silt,8.1,Final,"Coffee Grounds, Vegetable Scraps, Compost"
Radish,34.0,Sand,7.5,Initial,"Coconut Shells, Compost, Rice Husk"
Cabbage,17.9,Sand,7.3,Final,"Cow Manure, Chicken Manure, Vegetable Scraps"
Tomato,33.5,Chalk,8.2,Initial,"Rice Husk, Banana Peels, Seaweed Extract"
Potato,24.8,Clay,6.1,Growth,"Coconut Shells, Coffee Grounds, Eggshells"
Garlic,20.2,Silt,5.7,Final,"Corn Stalks, Fish Emulsion, Fruit Scraps"
Radish,24.2,Peat,6.2,Final,"Alfalfa Hay, Fruit Scraps, Mulch (Wood Chips)"
Garlic,34.6,Peat,7.9,Final,"Alfalfa Hay, Fruit Scraps, Coffee Grounds"
Lettuce,24.9,Sand,5.6,Growth,"Vegetable Scraps, Grass Clippings, Compost"
Radish,21.6,Chalk,7.2,Initial,"Eggshells, Chicken Manure, Seaweed Extract"
Mango,27.7,Chalk,8.5,Initial,"Rice Husk, Corn Stalks, Cow Manure"
Broccoli,19.8,Peat,8.1,Final,"Tree Leaves, Compost, Alfalfa Hay"
Watermelon,16.5,Silt,7.1,Growth,"Pea Pods, Coffee Grounds, Grass Clippings"
Brinjal,17.6,Clay,5.7,Growth,"Banana Peels, Corn Stalks, Pea Pods"
Cucumber,17.6,Silt,8.0,Growth,"Sugarcane Bagasse, Compost, Corn Stalks"
Cabbage,18.0,Loamy,7.3,Growth,"Banana Peels, Coconut Shells, Cow Manure"
Lettuce,17.8,Loamy,5.8,Growth,"Grass Clippings, Tree Leaves, Corn Stalks"
Mango,27.8,Clay,5.8,Initial,"Chicken Manure, Mulch (Wood Chips), Tree Leaves"
Tomato,18.6,Peat,8.2,Initial,"Seaweed Extract, Fish Emulsion, Tree Leaves"
Cucumber,21.9,Clay,7.5,Initial,"Chicken Manure, Banana Peels, Rice Husk"
Carrot,32.9,Chalk,8.0,Final,"Sugarcane Bagasse, Corn Stalks, Compost"
Broccoli,24.5,Loamy,8.1,Growth,"Chicken Manure, Vegetable Scraps, Fruit Scraps"
Cucumber,28.4,Sand,7.2,Final,"Alfalfa Hay, Coffee Grounds, Compost"
Lettuce,18.4,Sand,7.1,Growth,"Grass Clippings, Banana Peels, Fruit Scraps"
Pumpkin,18.8,Peat,6.8,Initial,"Cow Manure, Chicken Manure, Mulch (Wood Chips)"
Peas,15.8,Chalk,6.5,Final,"Banana Peels, Eggshells, Grass Clippings"
Mango,18.4,Silt,6.8,Initial,"Seaweed Extract, Fish Emulsion, Pea Pods"
Potato,20.6,Chalk,7.8,Growth,"Seaweed Extract, Vegetable Scraps, Tree Leaves"
Beetroot,18.5,Sand,7.3,Growth,"Sugarcane Bagasse, Worm Castings, Corn Stalks"
Pumpkin,16.8,Sand,8.2,Growth,"Tree Leaves, Grass Clippings, Eggshells"
Tomato,17.4,Loamy,6.8,Initial,"Compost, Chicken Manure, Fruit Scraps"
Onion,24.2,Chalk,7.3,Growth,"Seaweed Extract, Tree Leaves, Cow Manure"
Peas,19.1,Chalk,7.4,Initial,"Seaweed Extract, Grass Clippings, Sugarcane Bagasse"
Radish,22.3,Sand,7.3,Final,"Sugarcane Bagasse, Coconut Shells, Mulch (Wood Chips)"
Spinach,25.1,Silt,7.6,Growth,"Alfalfa Hay, Mulch (Wood Chips), Sugarcane Bagasse"
Potato,28.8,Peat,6.2,Growth,"Alfalfa Hay, Cow Manure, Chicken Manure"
Mango,15.8,Peat,7.0,Growth,"Pea Pods, Rice Husk, Fruit Scraps"
Carrot,31.0,Chalk,5.8,Final,"Grass Clippings, Fish Emulsion, Alfalfa Hay"
Watermelon,27.6,Peat,6.7,Growth,"Sugarcane Bagasse, Chicken Manure, Vegetable Scraps"
Radish,16.6,Sand,7.0,Initial,"Fruit Scraps, Seaweed Extract, Rice Husk"
Potato,32.5,Sand,7.5,Initial,"Seaweed Extract, Compost, Fruit Scraps"
Onion,33.4,Chalk,8.4,Growth,"Alfalfa Hay, Pea Pods, Tree Leaves"
Chili,16.2,Chalk,7.3,Growth,"Vegetable Scraps, Fish Emulsion, Rice Husk"
Radish,20.5,Loamy,7.7,Final,"Chicken Manure, Sugarcane Bagasse, Corn Stalks"
Spinach,31.1,Chalk,7.0,Final,"Alfalfa Hay, Coconut Shells, Sugarcane Bagasse"
Potato,30.0,Silt,7.4,Final,"Worm Castings, Rice Husk, Grass Clippings"
Brinjal,18.7,Peat,5.7,Growth,"Pea Pods, Corn Stalks, Coconut Shells"
Watermelon,19.2,Chalk,6.3,Final,"Grass Clippings, Rice Husk, Alfalfa Hay"
Beetroot,22.4,Clay,6.6,Final,"Seaweed Extract, Mulch (Wood Chips), Chicken Manure"
Potato,24.7,Loamy,6.9,Initial,"Mulch (Wood Chips), Pea Pods, Fruit Scraps"
Watermelon,27.4,Clay,5.6,Final,"Alfalfa Hay, Vegetable Scraps, Seaweed Extract"
Chili,22.4,Sand,5.9,Initial,"Banana Peels, Corn Stalks, Cow Manure"
Tomato,24.3,Peat,6.3,Initial,"Compost, Sugarcane Bagasse, Eggshells"
Cabbage,29.9,Chalk,8.4,Final,"Seaweed Extract, Fish Emulsion, Grass Clippings"
Cucumber,15.7,Clay,6.5,Initial,"Seaweed Extract, Chicken Manure, Grass Clippings"
Mango,20.0,Peat,6.9,Growth,"Alfalfa Hay, Coconut Shells, Tree Leaves"
Radish,29.3,Sand,6.1,Growth,"Grass Clippings, Cow Manure, Chicken Manure"
Tomato,32.9,Silt,7.3,Final,"Corn Stalks, Worm Castings, Seaweed Extract"
Mango,25.2,Loamy,6.3,Growth,"Fish Emulsion, Sugarcane Bagasse, Corn Stalks"
Mango,25.6,Peat,6.1,Initial,"Chicken Manure, Fish Emulsion, Rice Husk"
Garlic,17.1,Peat,7.0,Growth,"Chicken Manure, Sugarcane Bagasse, Cow Manure"
Onion,23.9,Silt,5.5,Final,"Eggshells, Fish Emulsion, Corn Stalks"
Pumpkin,25.7,Peat,5.5,Final,"Worm Castings, Corn Stalks, Pea Pods"
Lettuce,19.8,Sand,6.2,Initial,"Eggshells, Grass Clippings, Pea Pods"
Radish,20.4,Sand,5.6,Final,"Seaweed Extract, Mulch (Wood Chips), Coconut Shells"
Beetroot,22.5,Silt,5.8,Growth,"Banana Peels, Worm Castings, Alfalfa Hay"
Cabbage,15.4,Loamy,6.5,Final,"Fish Emulsion, Sugarcane Bagasse, Grass Clippings"
Brinjal,21.4,Chalk,7.9,Initial,"Compost, Coffee Grounds, Fruit Scraps"
Chili,19.2,Clay,7.2,Final,"Tree Leaves, Compost, Chicken Manure"
Zucchini,21.5,Chalk,7.0,Growth,"Grass Clippings, Corn Stalks, Fruit Scraps"
Broccoli,17.4,Peat,6.4,Initial,"Pea Pods, Worm Castings, Cow Manure"
Cabbage,32.8,Clay,8.3,Growth,"Alfalfa Hay, Rice Husk, Vegetable Scraps"
Watermelon,26.9,Silt,6.7,Initial,"Chicken Manure, Rice Husk, Banana Peels"
Onion,28.6,Silt,5.8,Final,"Coconut Shells, Coffee Grounds, Fish Emulsion"
Tomato,30.8,Loamy,7.4,Initial,"Rice Husk, Worm Castings, Coconut Shells"
Watermelon,25.0,Clay,5.8,Initial,"Fruit Scraps, Seaweed Extract, Vegetable Scraps"
Cauliflower,16.7,Sand,6.5,Final,"Alfalfa Hay, Cow Manure, Eggshells"
Lettuce,25.7,Clay,7.0,Growth,"Fish Emulsion, Chicken Manure, Corn Stalks"
Zucchini,26.7,Peat,8.1,Final,"Tree Leaves, Compost, Vegetable Scraps"
Brinjal,29.9,Sand,7.0,Initial,"Alfalfa Hay, Pea Pods, Mulch (Wood Chips)"
Cucumber,23.6,Silt,7.6,Final,"Fruit Scraps, Coconut Shells, Rice Husk"
Onion,17.6,Clay,8.5,Initial,"Eggshells, Coconut Shells, Cow Manure"
Watermelon,20.7,Chalk,5.9,Final,"Sugarcane Bagasse, Rice Husk, Coffee Grounds"
Cucumber,22.3,Loamy,6.3,Final,"Compost, Mulch (Wood Chips), Vegetable Scraps"
Lettuce,27.9,Chalk,6.7,Growth,"Vegetable Scraps, Sugarcane Bagasse, Worm Castings"
Pumpkin,26.4,Loamy,6.8,Initial,"Rice Husk, Alfalfa Hay, Pea Pods"
Lettuce,22.1,Peat,6.7,Growth,"Tree Leaves, Coffee Grounds, Alfalfa Hay"
Beetroot,34.7,Chalk,8.2,Initial,"Sugarcane Bagasse, Mulch (Wood Chips), Worm Castings"
Garlic,27.1,Clay,7.6,Final,"Eggshells, Fruit Scraps, Cow Manure"
Tomato,19.7,Clay,7.3,Initial,"Fruit Scraps, Worm Castings, Tree Leaves"
Pumpkin,17.0,Chalk,6.4,Growth,"Pea Pods, Coffee Grounds, Vegetable Scraps"
Peas,18.1,Clay,8.0,Growth,"Coconut Shells, Fish Emulsion, Corn Stalks"
Mango,19.9,Peat,8.4,Growth,"Alfalfa Hay, Chicken Manure, Cow Manure"
Broccoli,18.2,Sand,8.0,Initial,"Sugarcane Bagasse, Rice Husk, Coconut Shells"
Brinjal,18.7,Peat,5.5,Growth,"Worm Castings, Pea Pods, Mulch (Wood Chips)"
Cabbage,20.7,Loamy,7.4,Growth,"Coconut Shells, Worm Castings, Chicken Manure"
Beetroot,18.5,Peat,5.7,Growth,"Seaweed Extract, Worm Castings, Compost"
Peas,32.9,Loamy,6.3,Final,"Corn Stalks, Chicken Manure, Vegetable Scraps"
Onion,16.6,Clay,5.7,Final,"Worm Castings, Banana Peels, Compost"
Lettuce,25.5,Sand,7.3,Initial,"Eggshells, Corn Stalks, Banana Peels"
Pumpkin,23.2,Clay,7.6,Initial,"Mulch (Wood Chips), Cow Manure, Worm Castings"
Cauliflower,34.6,Silt,5.8,Growth,"Pea Pods, Fruit Scraps, Banana Peels"
Garlic,17.2,Clay,6.7,Final,"Compost, Grass Clippings, Rice Husk"
Cabbage,23.0,Loamy,6.9,Growth,"Coconut Shells, Pea Pods, Grass Clippings"
Peas,34.4,Clay,6.6,Growth,"Worm Castings, Banana Peels, Vegetable Scraps"
Chili,32.3,Clay,5.9,Final,"Cow Manure, Rice Husk, Banana Peels"
Onion,31.3,Sand,6.8,Final,"Corn Stalks, Alfalfa Hay, Fruit Scraps"
Brinjal,20.2,Clay,7.8,Final,"Seaweed Extract, Grass Clippings, Compost"
Cucumber,18.4,Sand,5.7,Initial,"Tree Leaves, Banana Peels, Mulch (Wood Chips)"
Zucchini,28.4,Chalk,5.7,Initial,"Pea Pods, Corn Stalks, Vegetable Scraps"
Chili,33.6,Silt,6.6,Growth,"Vegetable Scraps, Banana Peels, Seaweed Extract"
Garlic,26.1,Sand,8.3,Initial,"Alfalfa Hay, Eggshells, Coffee Grounds"
Brinjal,26.4,Loamy,7.5,Final,"Vegetable Scraps, Sugarcane Bagasse, Coffee Grounds"
Pumpkin,20.6,Chalk,7.5,Final,"Alfalfa Hay, Chicken Manure, Coconut Shells"
Carrot,30.4,Sand,6.6,Initial,"Coffee Grounds, Tree Leaves, Corn Stalks"
Spinach,18.7,Sand,7.3,Growth,"Fruit Scraps, Coconut Shells, Corn Stalks"
Onion,21.5,Silt,5.5,Growth,"Pea Pods, Corn Stalks, Eggshells"
Mango,23.5,Loamy,7.4,Initial,"Chicken Manure, Vegetable Scraps, Banana Peels"
Cauliflower,25.2,Peat,8.2,Growth,"Grass Clippings, Sugarcane Bagasse, Rice Husk"
Radish,19.8,Peat,7.3,Growth,"Compost, Grass Clippings, Eggshells"
Tomato,17.3,Sand,8.1,Growth,"Coffee Grounds, Mulch (Wood Chips), Compost"
Pumpkin,27.2,Clay,7.7,Final,"Tree Leaves, Vegetable Scraps, Seaweed Extract"
Potato,20.8,Loamy,5.9,Final,"Eggshells, Corn Stalks, Fish Emulsion"
Lettuce,26.6,Chalk,8.2,Initial,"Grass Clippings, Mulch (Wood Chips), Sugarcane Bagasse"
Broccoli,18.1,Clay,5.7,Final,"Coconut Shells, Grass Clippings, Fish Emulsion"
Cucumber,24.6,Clay,7.1,Growth,"Banana Peels, Eggshells, Fish Emulsion"
Lettuce,25.7,Loamy,5.9,Final,"Rice Husk, Banana Peels, Corn Stalks"
Chili,16.0,Sand,5.5,Initial,"Mulch (Wood Chips), Chicken Manure, Sugarcane Bagasse"
Broccoli,21.7,Sand,6.8,Final,"Corn Stalks, Fruit Scraps, Banana Peels"
Watermelon,17.7,Sand,6.4,Growth,"Compost, Fruit Scraps, Banana Peels"
Spinach,16.3,Sand,7.0,Growth,"Worm Castings, Sugarcane Bagasse, Chicken Manure"
Peas,34.8,Peat,7.2,Initial,"Cow Manure, Alfalfa Hay, Pea Pods"
Lettuce,21.4,Sand,5.6,Final,"Corn Stalks, Worm Castings, Banana Peels"
Potato,31.2,Peat,5.9,Final,"Coconut Shells, Fruit Scraps, Alfalfa Hay"
Cucumber,20.1,Peat,7.2,Final,"Corn Stalks, Cow Manure, Coffee Grounds"
Beetroot,28.6,Sand,6.5,Growth,"Chicken Manure, Coconut Shells, Corn Stalks"
Chili,30.2,Silt,7.7,Initial,"Compost, Seaweed Extract, Corn Stalks"
Broccoli,26.9,Chalk,7.5,Final,"Banana Peels, Chicken Manure, Corn Stalks"
Chili,24.4,Clay,8.0,Growth,"Sugarcane Bagasse, Coffee Grounds, Corn Stalks"
Carrot,23.2,Peat,7.6,Growth,"Coffee Grounds, Banana Peels, Seaweed Extract"
Potato,22.0,Loamy,6.8,Growth,"Eggshells, Fish Emulsion, Coffee Grounds"
Peas,33.6,Loamy,7.5,Final,"Fish Emulsion, Fruit Scraps, Mulch (Wood Chips)"
Chili,31.6,Chalk,6.3,Final,"Compost, Sugarcane Bagasse, Vegetable Scraps"
Tomato,34.3,Loamy,6.4,Final,"Grass Clippings, Eggshells, Banana Peels"
Tomato,17.5,Silt,7.9,Final,"Pea Pods, Seaweed Extract, Tree Leaves"
Broccoli,29.6,Loamy,6.8,Final,"Coconut Shells, Tree Leaves, Banana Peels"
Cabbage,33.8,Clay,7.9,Final,"Seaweed Extract, Compost, Fish Emulsion"
Lettuce,18.6,Clay,8.0,Final,"Coffee Grounds, Fish Emulsion, Sugarcane Bagasse"
Carrot,16.3,Peat,8.1,Final,"Coffee Grounds, Alfalfa Hay, Compost"
Chili,29.8,Sand,8.2,Final,"Banana Peels, Tree Leaves, Coffee Grounds"
Lettuce,26.5,Silt,6.8,Growth,"Coconut Shells, Mulch (Wood Chips), Grass Clippings"
Tomato,31.8,Peat,6.5,Final,"Rice Husk, Coconut Shells, Alfalfa Hay"
Radish,17.8,Silt,7.2,Initial,"Grass Clippings, Fruit Scraps, Chicken Manure"
Spinach,30.9,Sand,6.6,Growth,"Pea Pods, Coconut Shells, Fruit Scraps"
Broccoli,19.0,Loamy,7.3,Final,"Banana Peels, Fruit Scraps, Corn Stalks"
Brinjal,18.3,Loamy,7.6,Initial,"Chicken Manure, Vegetable Scraps, Fish Emulsion"
Tomato,18.3,Sand,7.6,Final,"Mulch (Wood Chips), Sugarcane Bagasse, Alfalfa Hay"
Spinach,31.3,Peat,6.6,Initial,"Fish Emulsion, Sugarcane Bagasse, Mulch (Wood Chips)"
Garlic,28.3,Sand,6.0,Initial,"Worm Castings, Vegetable Scraps, Fish Emulsion"
Chili,25.5,Chalk,6.8,Initial,"Seaweed Extract, Pea Pods, Worm Castings"
Brinjal,22.2,Clay,5.9,Initial,"Rice Husk, Corn Stalks, Coffee Grounds"
Garlic,32.5,Peat,8.2,Growth,"Cow Manure, Alfalfa Hay, Fruit Scraps"
Pumpkin,22.8,Silt,6.5,Growth,"Coconut Shells, Fish Emulsion, Sugarcane Bagasse"
Beetroot,31.3,Chalk,6.0,Initial,"Corn Stalks, Compost, Fish Emulsion"
Pumpkin,23.8,Peat,5.6,Final,"Eggshells, Coconut Shells, Chicken Manure"
Beetroot,22.5,Sand,7.4,Initial,"Sugarcane Bagasse, Compost, Fish Emulsion"
Brinjal,24.3,Sand,7.4,Growth,"Coffee Grounds, Compost, Cow Manure"
Onion,21.0,Sand,6.5,Final,"Eggshells, Coconut Shells, Banana Peels"
Pumpkin,30.0,Sand,5.7,Growth,"Fish Emulsion, Pea Pods, Worm Castings"
Cabbage,25.1,Silt,6.7,Growth,"Sugarcane Bagasse, Chicken Manure, Fruit Scraps"
Beetroot,19.6,Chalk,6.4,Final,"Fruit Scraps, Rice Husk, Fish Emulsion"
Pumpkin,33.0,Loamy,7.5,Initial,"Banana Peels, Fish Emulsion, Corn Stalks"
Beetroot,22.7,Clay,7.3,Initial,"Grass Clippings, Fruit Scraps, Rice Husk"
Tomato,25.9,Silt,6.6,Initial,"Eggshells, Cow Manure, Fish Emulsion"
Pumpkin,33.1,Silt,6.2,Initial,"Worm Castings, Chicken Manure, Cow Manure"
Pumpkin,27.5,Loamy,8.5,Final,"Eggshells, Mulch (Wood Chips), Fruit Scraps"
Potato,17.3,Loamy,6.9,Final,"Sugarcane Bagasse, Tree Leaves, Compost"
Cabbage,33.8,Clay,7.6,Final,"Corn Stalks, Pea Pods, Tree Leaves"
Chili,27.6,Clay,5.9,Growth,"Rice Husk, Grass Clippings, Mulch (Wood Chips)"
Potato,21.7,Loamy,7.0,Final,"Worm Castings, Seaweed Extract, Cow Manure"
Garlic,17.8,Sand,5.6,Initial,"Mulch (Wood Chips), Eggshells, Fish Emulsion"
Peas,30.9,Silt,7.0,Growth,"Eggshells, Vegetable Scraps, Rice Husk"
Tomato,27.4,Peat,8.4,Initial,"Seaweed Extract, Pea Pods, Alfalfa Hay"
Garlic,25.7,Clay,6.7,Initial,"Mulch (Wood Chips), Corn Stalks, Sugarcane Bagasse"
Peas,32.9,Clay,5.6,Final,"Cow Manure, Coffee Grounds, Sugarcane Bagasse"
Broccoli,30.8,Loamy,5.6,Final,"Sugarcane Bagasse, Mulch (Wood Chips), Cow Manure"
Cauliflower,18.0,Chalk,6.7,Initial,"Corn Stalks, Sugarcane Bagasse, Rice Husk"
Broccoli,21.2,Peat,6.0,Initial,"Mulch (Wood Chips), Grass Clippings, Fruit Scraps"
Peas,20.0,Peat,5.6,Growth,"Chicken Manure, Grass Clippings, Fruit Scraps"
Beetroot,29.9,Clay,7.8,Final,"Coffee Grounds, Grass Clippings, Vegetable Scraps"
Cucumber,15.7,Sand,6.9,Growth,"Pea Pods, Eggshells, Fish Emulsion"
Broccoli,26.4,Chalk,6.4,Growth,"Mulch (Wood Chips), Tree Leaves, Coconut Shells"
Broccoli,30.2,Peat,8.2,Growth,"Seaweed Extract, Corn Stalks, Rice Husk"
Spinach,32.5,Clay,5.8,Initial,"Cow Manure, Vegetable Scraps, Alfalfa Hay"
Peas,21.8,Peat,8.4,Growth,"Coconut Shells, Chicken Manure, Cow Manure"
Brinjal,31.4,Chalk,6.4,Growth,"Vegetable Scraps, Seaweed Extract, Chicken Manure"
Chili,17.2,Chalk,8.2,Initial,"Fish Emulsion, Pea Pods, Vegetable Scraps"
Cabbage,31.9,Silt,7.3,Final,"Alfalfa Hay, Rice Husk, Banana Peels"
Potato,17.5,Loamy,8.0,Final,"Compost, Seaweed Extract, Rice Husk"
Cucumber,22.9,Loamy,8.5,Growth,"Coconut Shells, Compost, Mulch (Wood Chips)"
Carrot,30.9,Clay,6.4,Initial,"Coconut Shells, Seaweed Extract, Sugarcane Bagasse"
Radish,18.0,Chalk,8.4,Final,"Banana Peels, Tree Leaves, Pea Pods"
Broccoli,19.6,Silt,6.7,Growth,"Pea Pods, Chicken Manure, Vegetable Scraps"
Garlic,29.4,Silt,6.7,Growth,"Mulch (Wood Chips), Vegetable Scraps, Worm Castings"
Spinach,29.4,Peat,6.5,Initial,"Rice Husk, Chicken Manure, Grass Clippings"
Carrot,27.8,Peat,7.1,Growth,"Coconut Shells, Sugarcane Bagasse, Vegetable Scraps"
Mango,28.9,Silt,6.0,Final,"Sugarcane Bagasse, Compost, Fruit Scraps"
Cauliflower,25.9,Peat,7.2,Initial,"Mulch (Wood Chips), Alfalfa Hay, Eggshells"
Chili,20.0,Chalk,7.1,Final,"Coconut Shells, Tree Leaves, Grass Clippings"
Carrot,21.9,Sand,7.8,Final,"Coconut Shells, Vegetable Scraps, Rice Husk"
Watermelon,18.6,Chalk,8.0,Final,"Tree Leaves, Fruit Scraps, Mulch (Wood Chips)"
Chili,33.2,Silt,6.8,Growth,"Rice Husk, Compost, Banana Peels"
Zucchini,26.7,Silt,6.4,Growth,"Fruit Scraps, Grass Clippings, Mulch (Wood Chips)"
Pumpkin,23.0,Chalk,6.3,Final,"Alfalfa Hay, Rice Husk, Worm Castings"
Brinjal,24.2,Peat,6.1,Final,"Vegetable Scraps, Coffee Grounds, Compost"
Radish,33.9,Peat,5.7,Initial,"Tree Leaves, Vegetable Scraps, Sugarcane Bagasse"
Spinach,18.1,Loamy,6.5,Initial,"Coconut Shells, Grass Clippings, Sugarcane Bagasse"
Brinjal,26.7,Silt,6.3,Growth,"Eggshells, Cow Manure, Worm Castings"
Brinjal,25.1,Clay,8.4,Growth,"Vegetable Scraps, Fish Emulsion, Banana Peels"
Chili,27.2,Loamy,7.2,Initial,"Cow Manure, Sugarcane Bagasse, Banana Peels"
Zucchini,15.4,Peat,6.5,Final,"Worm Castings, Eggshells, Fish Emulsion"
Lettuce,32.4,Chalk,7.2,Growth,"Pea Pods, Cow Manure, Banana Peels"
Cabbage,33.6,Peat,5.9,Final,"Seaweed Extract, Alfalfa Hay, Coconut Shells"
Broccoli,26.3,Chalk,6.8,Initial,"Rice Husk, Cow Manure, Pea Pods"
Cabbage,28.9,Loamy,7.4,Growth,"Sugarcane Bagasse, Pea Pods, Seaweed Extract"
Cucumber,33.4,Silt,7.0,Growth,"Fish Emulsion, Coffee Grounds, Cow Manure"
Carrot,29.1,Peat,6.7,Initial,"Vegetable Scraps, Corn Stalks, Seaweed Extract"
Watermelon,18.1,Chalk,8.5,Growth,"Worm Castings, Fish Emulsion, Tree Leaves"
Zucchini,26.5,Silt,8.1,Initial,"Mulch (Wood Chips), Compost, Grass Clippings"
Potato,27.1,Clay,7.4,Growth,"Seaweed Extract, Cow Manure, Fruit Scraps"
Potato,23.5,Chalk,7.2,Initial,"Fruit Scraps, Worm Castings, Banana Peels"
Potato,29.7,Loamy,7.4,Growth,"Cow Manure, Corn Stalks, Pea Pods"
Spinach,33.7,Clay,6.1,Final,"Sugarcane Bagasse, Eggshells, Alfalfa Hay"
Pumpkin,33.5,Clay,6.7,Final,"Grass Clippings, Corn Stalks, Worm Castings"
Peas,24.0,Sand,5.6,Final,"Compost, Alfalfa Hay, Coconut Shells"
Spinach,17.3,Peat,6.9,Growth,"Fruit Scraps, Coconut Shells, Coffee Grounds"
Chili,34.7,Chalk,7.1,Growth,"Banana Peels, Seaweed Extract, Coconut Shells"
Garlic,31.8,Clay,6.2,Final,"Fish Emulsion, Vegetable Scraps, Mulch (Wood Chips)"
Watermelon,17.5,Sand,8.4,Final,"Cow Manure, Coffee Grounds, Mulch (Wood Chips)"
Carrot,33.4,Loamy,8.2,Initial,"Fruit Scraps, Vegetable Scraps, Worm Castings"
Peas,32.4,Silt,7.7,Initial,"Seaweed Extract, Corn Stalks, Sugarcane Bagasse"
Onion,25.4,Chalk,7.1,Initial,"Cow Manure, Grass Clippings, Rice Husk"
Garlic,26.8,Clay,8.1,Final,"Banana Peels, Compost, Fruit Scraps"
Brinjal,23.0,Peat,5.9,Final,"Chicken Manure, Vegetable Scraps, Compost"
Beetroot,16.1,Sand,7.9,Final,"Seaweed Extract, Alfalfa Hay, Cow Manure"
Zucchini,21.7,Clay,5.9,Initial,"Pea Pods, Seaweed Extract, Compost"
Pumpkin,31.1,Peat,7.9,Growth,"Fruit Scraps, Banana Peels, Coffee Grounds"
Cabbage,15.1,Clay,6.3,Final,"Alfalfa Hay, Corn Stalks, Rice Husk"
Onion,21.7,Chalk,8.1,Growth,"Pea Pods, Fish Emulsion, Chicken Manure"
Broccoli,23.0,Chalk,8.3,Growth,"Cow Manure, Worm Castings, Sugarcane Bagasse"
Cauliflower,25.7,Chalk,5.9,Growth,"Mulch (Wood Chips), Eggshells, Sugarcane Bagasse"
Beetroot,33.4,Loamy,6.9,Initial,"Rice Husk, Mulch (Wood Chips), Eggshells"
Peas,21.9,Loamy,8.4,Growth,"Grass Clippings, Pea Pods, Vegetable Scraps"
Mango,21.9,Sand,7.0,Final,"Cow Manure, Grass Clippings, Corn Stalks"
Pumpkin,29.8,Chalk,8.1,Initial,"Corn Stalks, Rice Husk, Worm Castings"
Garlic,24.0,Peat,7.3,Final,"Pea Pods, Banana Peels, Fish Emulsion"
Cabbage,19.5,Clay,6.6,Final,"Rice Husk, Compost, Corn Stalks"
Watermelon,24.0,Silt,6.4,Initial,"Eggshells, Pea Pods, Sugarcane Bagasse"
Lettuce,17.8,Peat,6.1,Final,"Pea Pods, Sugarcane Bagasse, Corn Stalks"
Onion,18.5,Loamy,7.8,Final,"Seaweed Extract, Rice Husk, Worm Castings"
Lettuce,25.0,Loamy,6.7,Initial,"Fish Emulsion, Alfalfa Hay, Vegetable Scraps"
Cauliflower,23.4,Peat,7.0,Final,"Rice Husk, Vegetable Scraps, Eggshells"
Lettuce,33.3,Loamy,7.0,Growth,"Cow Manure, Seaweed Extract, Fish Emulsion"
Brinjal,22.2,Chalk,7.2,Final,"Pea Pods, Coffee Grounds, Coconut Shells"
Potato,26.6,Sand,8.1,Growth,"Vegetable Scraps, Worm Castings, Pea Pods"
Garlic,27.6,Clay,8.4,Final,"Coffee Grounds, Fruit Scraps, Fish Emulsion"
Carrot,15.3,Sand,6.7,Initial,"Worm Castings, Corn Stalks, Pea Pods"
Carrot,28.3,Clay,8.0,Initial,"Banana Peels, Eggshells, Grass Clippings"
Carrot,18.6,Clay,7.8,Final,"Banana Peels, Sugarcane Bagasse, Fish Emulsion"
Brinjal,34.2,Sand,7.2,Initial,"Seaweed Extract, Cow Manure, Sugarcane Bagasse"
Spinach,18.0,Peat,8.4,Final,"Coconut Shells, Coffee Grounds, Tree Leaves"
Cauliflower,23.3,Clay,6.1,Initial,"Eggshells, Coffee Grounds, Corn Stalks"
Lettuce,16.7,Sand,5.8,Growth,"Compost, Cow Manure, Pea Pods"
Cauliflower,34.9,Clay,8.1,Final,"Mulch (Wood Chips), Chicken Manure, Pea Pods"
Potato,25.0,Silt,6.8,Growth,"Coffee Grounds, Rice Husk, Chicken Manure"
Chili,26.9,Peat,8.0,Growth,"Fruit Scraps, Vegetable Scraps, Fish Emulsion"
Garlic,16.3,Chalk,8.2,Final,"Eggshells, Grass Clippings, Tree Leaves"
Pumpkin,30.0,Clay,5.7,Growth,"Rice Husk, Cow Manure, Mulch (Wood Chips)"
Spinach,19.2,Silt,8.2,Final,"Alfalfa Hay, Grass Clippings, Chicken Manure"
Radish,33.0,Chalk,6.8,Growth,"Fish Emulsion, Fruit Scraps, Grass Clippings"
Cauliflower,19.1,Chalk,7.0,Final,"Pea Pods, Fish Emulsion, Eggshells"
Broccoli,18.8,Clay,7.4,Final,"Compost, Tree Leaves, Coconut Shells"
Radish,15.7,Sand,8.3,Initial,"Worm Castings, Corn Stalks, Compost"
Pumpkin,24.4,Clay,5.6,Final,"Corn Stalks, Rice Husk, Pea Pods"
Mango,26.3,Silt,6.9,Final,"Cow Manure, Chicken Manure, Tree Leaves"
Chili,16.3,Chalk,7.6,Growth,"Compost, Coconut Shells, Seaweed Extract"
Cabbage,30.5,Clay,7.7,Final,"Seaweed Extract, Pea Pods, Vegetable Scraps"
Mango,24.1,Sand,7.6,Initial,"Coffee Grounds, Vegetable Scraps, Fish Emulsion"
Cabbage,25.5,Clay,5.9,Growth,"Coconut Shells, Vegetable Scraps, Seaweed Extract"
Tomato,23.8,Peat,6.4,Growth,"Cow Manure, Grass Clippings, Chicken Manure"
Brinjal,23.0,Sand,6.6,Initial,"Sugarcane Bagasse, Corn Stalks, Rice Husk"
Cucumber,26.2,Silt,7.9,Growth,"Compost, Coconut Shells, Fruit Scraps"
Brinjal,18.1,Chalk,6.3,Growth,"Seaweed Extract, Coffee Grounds, Pea Pods"
Watermelon,18.6,Clay,6.1,Growth,"Coffee Grounds, Coconut Shells, Worm Castings"
Beetroot,32.2,Sand,8.4,Growth,"Worm Castings, Alfalfa Hay, Fish Emulsion"
Lettuce,33.9,Peat,5.5,Initial,"Fish Emulsion, Vegetable Scraps, Worm Castings"
Beetroot,22.5,Sand,8.5,Initial,"Fish Emulsion, Compost, Chicken Manure"
Chili,20.4,Loamy,7.5,Growth,"Sugarcane Bagasse, Coconut Shells, Fish Emulsion"
Chili,27.9,Peat,8.0,Growth,"Mulch (Wood Chips), Grass Clippings, Fish Emulsion"
Watermelon,23.2,Silt,6.4,Initial,"Mulch (Wood Chips), Coconut Shells, Corn Stalks"
Mango,15.5,Chalk,5.5,Initial,"Pea Pods, Cow Manure, Mulch (Wood Chips)"
Zucchini,18.1,Silt,7.7,Initial,"Corn Stalks, Mulch (Wood Chips), Banana Peels"
Onion,29.3,Clay,8.0,Growth,"Coconut Shells, Sugarcane Bagasse, Seaweed Extract"
Zucchini,28.2,Sand,7.7,Growth,"Vegetable Scraps, Banana Peels, Corn Stalks"
Cauliflower,15.5,Loamy,5.9,Final,"Cow Manure, Mulch (Wood Chips), Fruit Scraps"
Tomato,19.4,Peat,7.8,Initial,"Worm Castings, Alfalfa Hay, Fruit Scraps"
Carrot,19.6,Peat,7.8,Growth,"Grass Clippings, Sugarcane Bagasse, Cow Manure"
Tomato,28.4,Sand,7.5,Initial,"Fruit Scraps, Corn Stalks, Chicken Manure"
Onion,15.4,Loamy,7.8,Growth,"Fish Emulsion, Banana Peels, Alfalfa Hay"
Mango,17.1,Sand,8.0,Initial,"Cow Manure, Rice Husk, Coffee Grounds"
Cabbage,31.0,Clay,7.3,Growth,"Seaweed Extract, Pea Pods, Compost"
Chili,18.6,Silt,5.8,Final,"Chicken Manure, Eggshells, Fish Emulsion"
Onion,28.1,Peat,7.0,Final,"Coconut Shells, Worm Castings, Grass Clippings"
Cucumber,19.8,Clay,5.7,Initial,"Banana Peels, Fruit Scraps, Sugarcane Bagasse"
Radish,17.0,Silt,6.7,Growth,"Grass Clippings, Coconut Shells, Vegetable Scraps"
Garlic,19.9,Clay,6.7,Growth,"Sugarcane Bagasse, Seaweed Extract, Mulch (Wood Chips)"
Mango,29.4,Loamy,5.7,Initial,"Cow Manure, Grass Clippings, Coconut Shells"
Cucumber,32.1,Peat,6.5,Growth,"Fruit Scraps, Eggshells, Coconut Shells"
Carrot,31.6,Sand,5.8,Initial,"Chicken Manure, Vegetable Scraps, Cow Manure"
Beetroot,22.9,Sand,7.9,Growth,"Grass Clippings, Coconut Shells, Pea Pods"
Carrot,28.4,Silt,8.3,Initial,"Mulch (Wood Chips), Grass Clippings, Corn Stalks"
Brinjal,19.1,Chalk,5.7,Growth,"Coconut Shells, Vegetable Scraps, Alfalfa Hay"
Mango,20.9,Loamy,8.4,Initial,"Coconut Shells, Chicken Manure, Seaweed Extract"
Radish,32.9,Silt,7.1,Growth,"Eggshells, Alfalfa Hay, Banana Peels"
Spinach,15.3,Chalk,6.4,Final,"Fruit Scraps, Tree Leaves, Fish Emulsion"
Carrot,16.7,Clay,5.7,Growth,"Rice Husk, Worm Castings, Fish Emulsion"
Potato,19.2,Loamy,7.0,Initial,"Grass Clippings, Mulch (Wood Chips), Pea Pods"
Tomato,15.5,Clay,7.9,Final,"Eggshells, Seaweed Extract, Banana Peels"
Mango,18.6,Peat,7.6,Growth,"Corn Stalks, Alfalfa Hay, Tree Leaves"
Garlic,26.7,Loamy,5.7,Final,"Worm Castings, Compost, Seaweed Extract"
Zucchini,23.4,Chalk,5.7,Growth,"Coconut Shells, Corn Stalks, Cow Manure"
Cauliflower,32.9,Peat,6.7,Final,"Coffee Grounds, Grass Clippings, Rice Husk"
Potato,31.3,Sand,6.4,Initial,"Fruit Scraps, Alfalfa Hay, Chicken Manure"
Lettuce,21.8,Chalk,6.2,Growth,"Worm Castings, Alfalfa Hay, Cow Manure"
Cabbage,20.2,Silt,6.3,Growth,"Pea Pods, Mulch (Wood Chips), Worm Castings"
Brinjal,22.6,Sand,7.9,Initial,"Coffee Grounds, Vegetable Scraps, Compost"
Cabbage,26.8,Sand,8.3,Final,"Coffee Grounds, Corn Stalks, Worm Castings"
Chili,20.4,Silt,6.7,Initial,"Eggshells, Banana Peels, Fruit Scraps"
Garlic,27.5,Loamy,8.2,Initial,"Chicken Manure, Worm Castings, Vegetable Scraps"
Brinjal,23.2,Sand,6.5,Final,"Coconut Shells, Sugarcane Bagasse, Fish Emulsion"
Pumpkin,26.0,Chalk,6.9,Initial,"Coffee Grounds, Tree Leaves, Pea Pods"
Cabbage,23.7,Peat,6.2,Growth,"Fruit Scraps, Seaweed Extract, Banana Peels"
Zucchini,20.9,Sand,7.4,Growth,"Worm Castings, Alfalfa Hay, Vegetable Scraps"
Potato,34.0,Chalk,8.4,Growth,"Vegetable Scraps, Coconut Shells, Banana Peels"
Broccoli,30.3,Clay,7.3,Initial,"Corn Stalks, Tree Leaves, Seaweed Extract"
Potato,17.8,Chalk,6.6,Growth,"Coffee Grounds, Tree Leaves, Rice Husk"
Garlic,32.4,Peat,7.4,Growth,"Rice Husk, Fish Emulsion, Alfalfa Hay"
Cabbage,24.7,Chalk,5.9,Growth,"Vegetable Scraps, Fruit Scraps, Cow Manure"
Mango,32.9,Silt,8.2,Growth,"Fruit Scraps, Fish Emulsion, Sugarcane Bagasse"
Cucumber,31.0,Peat,7.0,Growth,"Sugarcane Bagasse, Cow Manure, Coconut Shells"
Radish,23.5,Loamy,6.8,Growth,"Tree Leaves, Fruit Scraps, Banana Peels"
Pumpkin,15.4,Clay,7.3,Initial,"Corn Stalks, Coconut Shells, Worm Castings"
Watermelon,20.4,Silt,7.4,Growth,"Pea Pods, Alfalfa Hay, Cow Manure"
Chili,25.8,Loamy,5.7,Growth,"Mulch (Wood Chips), Compost, Fish Emulsion"
Potato,27.7,Chalk,7.5,Final,"Pea Pods, Banana Peels, Tree Leaves"
Cabbage,20.2,Peat,6.2,Initial,"Fruit Scraps, Worm Castings, Fish Emulsion"
Cabbage,17.8,Clay,7.6,Initial,"Worm Castings, Compost, Vegetable Scraps"
Garlic,31.7,Silt,8.0,Initial,"Mulch (Wood Chips), Sugarcane Bagasse, Worm Castings"
Onion,34.7,Loamy,7.9,Initial,"Tree Leaves, Pea Pods, Grass Clippings"
Lettuce,25.5,Loamy,7.2,Growth,"Coffee Grounds, Alfalfa Hay, Banana Peels"
Broccoli,18.4,Clay,7.1,Growth,"Corn Stalks, Cow Manure, Banana Peels"
Watermelon,20.4,Chalk,5.9,Final,"Pea Pods, Coconut Shells, Alfalfa Hay"
Broccoli,15.4,Clay,7.8,Final,"Chicken Manure, Vegetable Scraps, Tree Leaves"
Potato,33.3,Loamy,6.3,Initial,"Pea Pods, Grass Clippings, Tree Leaves"
Spinach,17.4,Sand,7.0,Final,"Tree Leaves, Eggshells, Grass Clippings"
Lettuce,26.5,Silt,6.4,Final,"Coconut Shells, Worm Castings, Coffee Grounds"
Potato,20.5,Clay,5.9,Initial,"Cow Manure, Seaweed Extract, Compost"
Zucchini,26.1,Loamy,7.4,Initial,"Eggshells, Chicken Manure, Corn Stalks"
Garlic,28.0,Chalk,5.7,Final,"Fish Emulsion, Rice Husk, Corn Stalks"
Broccoli,31.6,Loamy,7.7,Growth,"Mulch (Wood Chips), Cow Manure, Sugarcane Bagasse"
Potato,19.1,Chalk,6.5,Final,"Corn Stalks, Tree Leaves, Grass Clippings"
Cucumber,15.2,Clay,5.5,Final,"Pea Pods, Seaweed Extract, Corn Stalks"
Spinach,17.7,Chalk,7.0,Growth,"Coffee Grounds, Compost, Eggshells"
Onion,33.0,Peat,5.6,Growth,"Banana Peels, Eggshells, Coffee Grounds"
Onion,32.5,Peat,6.3,Initial,"Mulch (Wood Chips), Cow Manure, Rice Husk"
Broccoli,26.9,Peat,7.6,Initial,"Corn Stalks, Eggshells, Seaweed Extract"
Cauliflower,27.0,Sand,5.7,Final,"Grass Clippings, Seaweed Extract, Banana Peels"
Radish,28.3,Clay,8.0,Growth,"Alfalfa Hay, Coconut Shells, Seaweed Extract"
Watermelon,18.5,Loamy,5.5,Initial,"Coffee Grounds, Compost, Worm Castings"
Pumpkin,33.3,Loamy,6.2,Final,"Corn Stalks, Coconut Shells, Banana Peels"
Lettuce,23.4,Sand,7.7,Growth,"Seaweed Extract, Sugarcane Bagasse, Chicken Manure"
Zucchini,22.7,Chalk,6.4,Final,"Cow Manure, Sugarcane Bagasse, Coconut Shells"
Mango,25.4,Sand,5.8,Initial,"Eggshells, Sugarcane Bagasse, Fruit Scraps"
Cucumber,15.9,Chalk,6.6,Initial,"Eggshells, Pea Pods, Alfalfa Hay"
Potato,18.3,Chalk,6.3,Growth,"Sugarcane Bagasse, Rice Husk, Mulch (Wood Chips)"
Potato,29.8,Silt,8.0,Final,"Alfalfa Hay, Rice Husk, Fish Emulsion"
Radish,16.7,Loamy,6.4,Growth,"Alfalfa Hay, Cow Manure, Coconut Shells"
Radish,27.1,Peat,7.9,Initial,"Chicken Manure, Fish Emulsion, Corn Stalks"
Potato,19.9,Chalk,8.2,Initial,"Banana Peels, Coconut Shells, Fish Emulsion"
Cauliflower,22.8,Silt,6.8,Final,"Coconut Shells, Pea Pods, Corn Stalks"
Onion,20.8,Loamy,8.2,Final,"Grass Clippings, Chicken Manure, Corn Stalks"
Peas,22.1,Peat,6.6,Final,"Alfalfa Hay, Grass Clippings, Seaweed Extract"
Peas,29.4,Chalk,8.4,Growth,"Fish Emulsion, Grass Clippings, Coconut Shells"
Lettuce,20.9,Chalk,5.8,Final,"Cow Manure, Banana Peels, Seaweed Extract"
Broccoli,26.3,Sand,7.6,Final,"Compost, Coffee Grounds, Eggshells"
Tomato,24.5,Sand,7.0,Initial,"Mulch (Wood Chips), Sugarcane Bagasse, Banana Peels"
Beetroot,28.3,Loamy,6.7,Initial,"Eggshells, Seaweed Extract, Sugarcane Bagasse"
Watermelon,33.7,Peat,7.4,Final,"Fish Emulsion, Coconut Shells, Pea Pods"
Tomato,29.7,Chalk,7.6,Final,"Fruit Scraps, Vegetable Scraps, Cow Manure"
Chili,19.3,Loamy,5.5,Initial,"Alfalfa Hay, Corn Stalks, Compost"
Carrot,15.6,Loamy,6.0,Final,"Fruit Scraps, Rice Husk, Cow Manure"
Cauliflower,20.2,Clay,7.6,Growth,"Banana Peels, Chicken Manure, Seaweed Extract"
Radish,26.9,Sand,7.5,Growth,"Banana Peels, Mulch (Wood Chips), Compost"
Chili,16.0,Peat,8.4,Growth,"Worm Castings, Coconut Shells, Sugarcane Bagasse"
Pumpkin,24.9,Chalk,7.8,Final,"Seaweed Extract, Vegetable Scraps, Fish Emulsion"
Cucumber,26.9,Loamy,8.4,Initial,"Coffee Grounds, Chicken Manure, Worm Castings"
Cucumber,21.7,Chalk,7.6,Final,"Coffee Grounds, Corn Stalks, Tree Leaves"
Radish,30.4,Clay,6.4,Final,"Tree Leaves, Pea Pods, Eggshells"
Zucchini,17.1,Peat,5.8,Initial,"Coffee Grounds, Mulch (Wood Chips), Seaweed Extract"
Radish,16.5,Loamy,7.8,Initial,"Worm Castings, Vegetable Scraps, Coconut Shells"
Garlic,29.6,Chalk,7.4,Initial,"Alfalfa Hay, Vegetable Scraps, Tree Leaves"
Tomato,24.9,Sand,5.6,Growth,"Pea Pods, Worm Castings, Tree Leaves"
Potato,28.8,Clay,6.6,Final,"Pea Pods, Mulch (Wood Chips), Banana Peels"
Chili,23.7,Peat,8.4,Initial,"Compost, Banana Peels, Corn Stalks"
Cauliflower,19.9,Clay,7.0,Final,"Fruit Scraps, Fish Emulsion, Coffee Grounds"
Carrot,31.4,Sand,6.8,Growth,"Worm Castings, Seaweed Extract, Vegetable Scraps"
Zucchini,31.0,Peat,6.9,Growth,"Corn Stalks, Worm Castings, Seaweed Extract"
Mango,28.9,Clay,6.1,Initial,"Mulch (Wood Chips), Fruit Scraps, Vegetable Scraps"
Cabbage,20.4,Silt,6.6,Initial,"Mulch (Wood Chips), Seaweed Extract, Grass Clippings"
Brinjal,26.8,Sand,6.6,Final,"Fruit Scraps, Chicken Manure, Eggshells"
Brinjal,22.2,Sand,5.7,Initial,"Grass Clippings, Tree Leaves, Compost"
Spinach,16.8,Sand,7.8,Final,"Compost, Cow Manure, Chicken Manure"
Onion,33.3,Silt,6.7,Initial,"Mulch (Wood Chips), Coconut Shells, Alfalfa Hay"
Pumpkin,17.7,Silt,8.0,Final,"Chicken Manure, Mulch (Wood Chips), Rice Husk"
Mango,34.0,Chalk,8.1,Final,"Seaweed Extract, Corn Stalks, Grass Clippings"
Spinach,23.9,Loamy,6.1,Final,"Rice Husk, Coffee Grounds, Sugarcane Bagasse"
